id,claim,gold,pred,score,latency_ms,extractor
train:1521.json,"The CBO found that the House Republican health care plan would lower premiums by ""up to about 10 percent"" and, for purchasers in the individual market, ""those cost savings could even be higher.""",True,Undetermined,0.0,51.8,Rule-based Health NLP Extractor (offline)
train:8227.json,"According to a recent poll, there are more young Republicans enrolled in their parents (health insurance) plans than young Democrats.",True,Undetermined,0.0,34.3,Rule-based Health NLP Extractor (offline)
train:1181.json,You lie! (in response to President Obama saying health reform would not insure illegal immigrants.),False,Undetermined,0.0,85.1,Rule-based Health NLP Extractor (offline)
train:8626.json,"Obamacare is a massive, massive income redistribution with $250 billion a year in Medicaid expansion (and) in the subsidy structure thats basically being paid for by people on Medicare, through Medicare cuts, and a lot of tax increases.",True,Undetermined,0.0,59.6,Rule-based Health NLP Extractor (offline)
train:10284.json,Weve had the lowest health care inflation in history because of Obamacare.,False,Undetermined,0.0,51.5,Rule-based Health NLP Extractor (offline)
train:1721.json,"""We actually have not required in this law that you carry health insurance.""",False,Undetermined,0.0,52.2,Rule-based Health NLP Extractor (offline)
train:12701.json,Says Donald Trump is a guy who has called for privatization of the Veterans Administration.,False,Undetermined,0.0,45.9,Rule-based Health NLP Extractor (offline)
train:4360.json,Says potential GOP U.S. Senate candidate Tommy Thompson supported Obamacare,True,Undetermined,0.0,51.0,Rule-based Health NLP Extractor (offline)
train:9354.json,"Congress has cut funding, has slashed funding, for veterans benefits over these last years.",False,Undetermined,0.0,46.7,Rule-based Health NLP Extractor (offline)
train:1655.json,"With this reform, every insured American gets valuable consumer protections, and every uninsured American can become insured.",True,Undetermined,0.0,97.3,Rule-based Health NLP Extractor (offline)
test:1075.json,"Mitch McConnell opposed ""legislation to create and protect Kentucky jobs . . . help for the unemployed. . . health care for Kentucky's children,"" and ""fair pay for women.""",False,Undetermined,0.0,33.7,Rule-based Health NLP Extractor (offline)
train:2942.json,Eliminating the state tax on health savings accounts will make it easier for small business owners to provide health insurance to their employees.,False,Undetermined,0.0,48.1,Rule-based Health NLP Extractor (offline)
train:1107.json,"President Barack Obama suggested on national TV that the Democratic health care bill will have government decide that a healthy, 100-year-old woman in need of a pacemaker should take a pain pill instead.",False,Undetermined,0.0,47.6,Rule-based Health NLP Extractor (offline)
train:1194.json,"For middle-class families under the Baucus plan, 13 percent of what they make could be deducted directly from their paychecks . . . the so-called Max Tax.",True,Undetermined,0.0,47.9,Rule-based Health NLP Extractor (offline)
train:7798.json,The IRS will have the ability potentially to deny or delay health care.,False,Undetermined,0.0,33.5,Rule-based Health NLP Extractor (offline)
train:649.json,"""We spend more on health care than any other country, but we're ranked 47th in life expectancy and 43rd in child mortality.""",True,Undetermined,0.0,49.0,Rule-based Health NLP Extractor (offline)
train:4216.json,"Under last years health care reform, a bunch of bureaucrats decide whether you get care, such as continuing on dialysis or cancer chemotherapy.",False,Undetermined,0.0,55.3,Rule-based Health NLP Extractor (offline)
train:261.json,"""There are 7,000 kids in New Hampshire who have health care because I helped to create the Children's Health Insurance Program.""",True,Undetermined,0.0,57.8,Rule-based Health NLP Extractor (offline)
train:4864.json,The Affordable Care Act is not the law of the land.,False,Undetermined,0.0,58.8,Rule-based Health NLP Extractor (offline)
train:1182.json,"Health reform will ""give every American the same opportunity"" to buy health insurance the way members of Congress do.",False,Undetermined,0.0,47.4,Rule-based Health NLP Extractor (offline)
train:11206.json,We spend almost twice as much per capita on health care as do the people of any other country.,False,Undetermined,0.0,47.2,Rule-based Health NLP Extractor (offline)
train:4811.json,The American healthcare system burns 18 percent of our national GDP. Nobody else is close.,True,Undetermined,0.0,80.8,Rule-based Health NLP Extractor (offline)
train:10459.json,"Common welfare programs give income of $43,330 or $20.83 an hour.",False,Undetermined,0.0,63.2,Rule-based Health NLP Extractor (offline)
train:8815.json,Volunteer firefighters and communities they serve in Georgia and elsewhere are being devastated by Obamacare.,True,Undetermined,0.0,47.7,Rule-based Health NLP Extractor (offline)
test:10898.json,The Texas Senate approved a bill to put a special label on the insurance cards of anyone who bought a plan through Obamacare that includes the letter S for subsidy.,False,Undetermined,0.0,48.3,Rule-based Health NLP Extractor (offline)
train:6237.json,The health care law is the largest tax [increase] in the history of our country,False,Undetermined,0.0,48.6,Rule-based Health NLP Extractor (offline)
train:1130.json,"The health care plan for members of Congress ""is no better than the janitor who cleans their offices.""",True,Undetermined,0.0,35.1,Rule-based Health NLP Extractor (offline)
train:1804.json,"""Taxpayer-funded benefits to illegals"" in California are ""a skyrocketing cost under Obamacare.""",False,Undetermined,0.0,59.0,Rule-based Health NLP Extractor (offline)
train:3732.json,"Gwinnett Medical Center is operating in the negative, in part, because of illegal immigrants.",True,Undetermined,0.0,63.4,Rule-based Health NLP Extractor (offline)
train:10472.json,"Every year in the United States between 3,000 and 4,500 severe vaccine reactions are reported to the Centers for Disease Control. Not mild reactions. Severe reactions that land somebody in the hospital, the intensive care unit or cause a permanent disability or death.",False,Undetermined,0.0,75.7,Rule-based Health NLP Extractor (offline)
train:1924.json,"""Obama put a 10 percent tax on tanning.""",True,Undetermined,0.0,52.9,Rule-based Health NLP Extractor (offline)
train:6892.json,Says that Josh Mandel voted to let insurance companies deny coverage for autism,True,Undetermined,0.0,54.0,Rule-based Health NLP Extractor (offline)
train:1261.json,"An Iowa policy ""provides for a state round up of Iowa citizens who might be exposed to the swine flu virus.""",False,Undetermined,0.0,37.5,Rule-based Health NLP Extractor (offline)
train:1699.json,The passage of the teacher tenure bill in the Fla. Legislature was like the health care bill in Congress because one party jammed it through.,True,Undetermined,0.0,56.4,Rule-based Health NLP Extractor (offline)
train:210.json,"""I do provide universal health care.""",False,Undetermined,0.0,48.1,Rule-based Health NLP Extractor (offline)
train:12410.json,"Ohio is probably top five in the country, sadly, in terms of heroin overdoses. Its now exceeded car accidents as the No. 1 cause of death in Ohio.",True,Undetermined,0.0,44.9,Rule-based Health NLP Extractor (offline)
test:1648.json,"""A lot of the ideas in terms of the (health insurance) exchange, just being able to pool and improve the purchasing power of individuals in the insurance market, that originated from the Heritage Foundation.""",True,Undetermined,0.0,71.1,Rule-based Health NLP Extractor (offline)
train:3695.json,Polls show that Floridians dont want to repeal the Affordable Care Act.,False,Undetermined,0.0,80.0,Rule-based Health NLP Extractor (offline)
train:1298.json,"The GOP health care plan ""would allow health insurance companies to continue engaging in unfair and discriminatory practices like denying coverage to people because of a pre-existing medical condition.""",True,Undetermined,0.0,71.5,Rule-based Health NLP Extractor (offline)
train:3367.json,"Says Sheldon Whitehouse said on Senate floor: Everybody in Rhode Island who disagrees with me about Obamacare is an Aryan, is a white supremacist.",False,Undetermined,0.0,106.6,Rule-based Health NLP Extractor (offline)
train:8705.json,Most of the (Affordable Care Act) has already in some sense been waived or otherwise suspended.,False,Undetermined,0.0,105.4,Rule-based Health NLP Extractor (offline)
train:2744.json,She led the fight to stop health insurance rate hikes and saved Rhode Island families over $150 million.,True,Undetermined,0.0,43.1,Rule-based Health NLP Extractor (offline)
train:3920.json,Taxpayers pay for roughly 45 percent of all births in Wisconsin! And 60 percent of the births in Milwaukee!!!,True,Undetermined,0.0,65.9,Rule-based Health NLP Extractor (offline)
train:7934.json,"People want the minimum wage, they want marriage equality, they want womens health care. Theres issues that actually that really do matter, social issues that matter to the people of this state. So I know Barbara would support those issues, I know the governor hasnt. Youve seen the actions hes taken on them.",True,Undetermined,0.0,69.0,Rule-based Health NLP Extractor (offline)
train:6620.json,"When Social Security, Medicare and Medicaid were created, Republicans stood on the sidelines",False,Undetermined,0.0,35.0,Rule-based Health NLP Extractor (offline)
train:2525.json,A majority of Wisconsinites opposed the government takeover of health care. But Russ Feingold voted for it anyway.,False,Undetermined,0.0,45.2,Rule-based Health NLP Extractor (offline)
train:9785.json,Heroin and prescription opioids are the number one cause of accidental or preventable death in Wisconsin.,False,Undetermined,0.0,42.2,Rule-based Health NLP Extractor (offline)
train:1125.json,"During the 2005 fight over Social Security, there were noisy demonstrations but they were outside the events, and opponents were not disruptive crowds booed lines they didnt like, but that was about it.",False,Undetermined,0.0,69.0,Rule-based Health NLP Extractor (offline)
train:2267.json,Over 81 percent of the babies that are born at LBJ Hospital right here in Houston are born of women who are not here legally.,False,Undetermined,0.0,40.6,Rule-based Health NLP Extractor (offline)
train:382.json,"Obama ""only wants your children to have health insurance.""",False,Undetermined,0.0,53.9,Rule-based Health NLP Extractor (offline)
train:13206.json,"As a result of Chris Sununus vote against a Planned Parenthood contract, nearly 3,000 fewer women and families statewide accessed health care for birth control, cancer screenings and annual exams.",False,Undetermined,0.0,39.2,Rule-based Health NLP Extractor (offline)
train:5368.json,Romney adviser admits Romneycare was blueprint for Obamacare.,True,Undetermined,0.0,38.8,Rule-based Health NLP Extractor (offline)
train:5609.json,Says under the new health care law the patient-doctor relationship will be eliminated.,False,Undetermined,0.0,27.7,Rule-based Health NLP Extractor (offline)
train:2849.json,"Says Gov. Rick Perrys administration has proposed ending immunizations for 113,000 kids.",False,Undetermined,0.0,40.9,Rule-based Health NLP Extractor (offline)
train:10692.json,"Under Barack Obama, the average cost of family health care premiums has increased by $4,154.",False,Undetermined,0.0,42.9,Rule-based Health NLP Extractor (offline)
valid:7009.json,"Says the Central Health districts tax rate is the lowest among the largest counties in Texas, and it will continue to be the lowest if voters approve a proposed tax increase.",True,Undetermined,0.0,44.3,Rule-based Health NLP Extractor (offline)
train:8012.json,Twenty-four percent of doctors in Virginia currently dont accept new Medicaid patients because the reimbursement rates are so low.,True,Undetermined,0.0,37.8,Rule-based Health NLP Extractor (offline)
train:6067.json,Massachusetts is reporting a trend far below the national trend in the escalation of health-care costs in this year.,False,Undetermined,0.0,41.7,Rule-based Health NLP Extractor (offline)
valid:10754.json,Rosalyn Dance voted against President Obamas Medicaid expansion.,False,Undetermined,0.0,41.5,Rule-based Health NLP Extractor (offline)
train:2745.json,Democratic U.S. House candidate Julie Lassa pushed for a Canadian-style government takeover of health care.,False,Undetermined,0.0,212.4,Rule-based Health NLP Extractor (offline)
train:6172.json,Obamacare is . . . the largest tax increase in the history of the world.,False,Undetermined,0.0,57.9,Rule-based Health NLP Extractor (offline)
valid:7231.json,Says Texas is dead last in support for mental health.,True,Undetermined,0.0,49.1,Rule-based Health NLP Extractor (offline)
train:2762.json,Congressman Nye voted against a bill which would have defunded the $5-10 billion the IRS needed toimplement health care legislation.,False,Undetermined,0.0,50.9,Rule-based Health NLP Extractor (offline)
train:6066.json,Says we are overcharging students . . . to help pay for the health care law.,True,Undetermined,0.0,44.4,Rule-based Health NLP Extractor (offline)
train:6512.json,Says U.S. Senate rival Tammy Baldwin wants a completely government-controlled health care system that goes far beyond Obamacare and is a Medicare system for all.,True,Undetermined,0.0,32.9,Rule-based Health NLP Extractor (offline)
train:13361.json,"When asked about bills in Congress important to the North Country, Derrick responded I just dont know enough about it.",False,Undetermined,0.0,44.3,Rule-based Health NLP Extractor (offline)
train:12502.json,"30,000 Arizonans may have no choice on Affordable Care Act coverage.",True,Undetermined,0.0,36.8,Rule-based Health NLP Extractor (offline)
train:3774.json,Tommy Thompson wanted to implant data chips in humans.,True,Undetermined,0.0,51.9,Rule-based Health NLP Extractor (offline)
train:4649.json,Nearly half of all pregnancies in the U.S. are unintended.,True,Undetermined,0.0,49.7,Rule-based Health NLP Extractor (offline)
train:9243.json,Over 300K home owner suicides attributed to foreclosures.,False,Undetermined,0.0,37.3,Rule-based Health NLP Extractor (offline)
train:9355.json,"In Texas, a faceless hospital panel can deny life-sustaining care, giving you only 10 days to find another facility for your mother, dad, or young child, even if the patient is conscious.",True,Undetermined,0.0,87.9,Rule-based Health NLP Extractor (offline)
train:2789.json,Were the only system of federalism in the world.,False,Undetermined,0.0,60.3,Rule-based Health NLP Extractor (offline)
train:10215.json,I dont know who (Jonathan Gruber) is.,False,Undetermined,0.0,71.1,Rule-based Health NLP Extractor (offline)
test:376.json,"A mailer from the Obama campaign ""accurately indicates"" that Hillary Clinton would ""force uninsured people to buy insurance, even if they can't afford it.""",True,Undetermined,0.0,64.3,Rule-based Health NLP Extractor (offline)
train:2964.json,"When Social Security was passed, there were all kinds of lawsuits, just as there have been in the legal battle over the new health care law.",True,Undetermined,0.0,63.7,Rule-based Health NLP Extractor (offline)
train:982.json,"Claims that former Sen. Tom Daschle said, ""Seniors should be more accepting of the conditions that come with age instead of treating them.""",False,Undetermined,0.0,51.9,Rule-based Health NLP Extractor (offline)
train:1267.json,"""The Senate Finance Committee approved a reform proposal that has both Democratic and Republican support.""",False,Undetermined,0.0,73.8,Rule-based Health NLP Extractor (offline)
train:10246.json,"In Rhode Island, a recent study showed that among a group of people who had been homeless for a year or more, Medicaid costs averaged about $60,000 per person.",False,Undetermined,0.0,51.6,Rule-based Health NLP Extractor (offline)
train:8203.json,"In the Wisconsin health insurance exchange, the Society of Actuaries points out that therell be, according to them, an 82 percent increase in individual premiums over the next couple years under Obamacare.",True,Undetermined,0.0,44.8,Rule-based Health NLP Extractor (offline)
train:2558.json,"Says the Texas Department of Agriculture seeks to purchase up to 300,000 promotional stress balls.",True,Undetermined,0.0,32.3,Rule-based Health NLP Extractor (offline)
train:7056.json,On support for U.S. Rep. Paul Ryans Medicare reform plan,True,Undetermined,0.0,31.3,Rule-based Health NLP Extractor (offline)
train:13025.json,Says Donald Trump supports an agenda out there to privatize the Veterans Affairshealth care system.,False,Undetermined,0.0,36.8,Rule-based Health NLP Extractor (offline)
train:1605.json,"The Democratic health care plan is a ""government takeover of nearly 20 percent of our economy.""",False,Undetermined,0.0,38.8,Rule-based Health NLP Extractor (offline)
train:7782.json,The State of Wisconsin thinks you should have to wash your hands at least 28 times to make one peanut butter-and-jelly sandwich.,True,Undetermined,0.0,42.3,Rule-based Health NLP Extractor (offline)
train:1300.json,"Health care reform ""establishes a new board of federal bureaucrats (the 'Health Benefits Advisory Committee') to dictate the health plans that all individuals must purchase.""",False,Undetermined,0.0,47.7,Rule-based Health NLP Extractor (offline)
train:9776.json,Sen. Jack Reed cast the deciding vote in the Senate for the Affordable Care Act.,False,Undetermined,0.0,48.5,Rule-based Health NLP Extractor (offline)
train:10492.json,There are countries in Africa where they have higher vaccination rates than here in the United States.,True,Undetermined,0.0,35.9,Rule-based Health NLP Extractor (offline)
train:1626.json,"""Joe, I keep hearing you every morning talking about the biggest tax increase in history, but you don't mention it's also the biggest tax cut in history.''",False,Undetermined,0.0,35.5,Rule-based Health NLP Extractor (offline)
train:13008.json,"Says Hillary Clinton has pledged amnesty in her first 100 days, and her plan will provide Obamacare, Social Security, and Medicare for illegal immigrants, breaking the federal budget.",False,Undetermined,0.0,41.9,Rule-based Health NLP Extractor (offline)
train:1131.json,I have not said that I was a single-payer supporter.,False,Undetermined,0.0,29.5,Rule-based Health NLP Extractor (offline)
test:2731.json,"We have empowered state insurance commissioners to review the rate hikes that are taking place in states. And in some states like North Carolina, they have already used it and rolled back premium increases by 25 percent.",True,Undetermined,0.0,49.2,Rule-based Health NLP Extractor (offline)
train:4590.json,Massachusetts has less than 1 percent of our kids that are uninsured. You (Gov. Perry) have a million kids uninsured in Texas.,True,Undetermined,0.0,38.9,Rule-based Health NLP Extractor (offline)
train:13430.json,"Says Russ Feingold said that with Obamacare, we could keep our doctors and our plans, it was rated as the Lie of the Year.",True,Undetermined,0.0,42.6,Rule-based Health NLP Extractor (offline)
train:1367.json,"Health care reform plans being consided in Congress ""will finally reduce the costs of health care.""",True,Undetermined,0.0,37.6,Rule-based Health NLP Extractor (offline)
valid:401.json,"John McCain and George Bush have ""absolutely no plan for universal health care.""",True,Undetermined,0.0,33.7,Rule-based Health NLP Extractor (offline)
train:1316.json,"The health care bills will be mandated spending. You cant cut it, regardless of the budget circumstances.",True,Undetermined,0.0,47.6,Rule-based Health NLP Extractor (offline)
valid:3752.json,"Says the Texas Board of Nursing has a backlog of 3,000 complaints against nurses, many of them sexual assaults, malfeasance.",True,Undetermined,0.0,36.9,Rule-based Health NLP Extractor (offline)
test:9692.json,Says U.S. House candidate Carlos Curbelo opposes the repeal of Obamacare.,False,Undetermined,0.0,33.6,Rule-based Health NLP Extractor (offline)
train:9168.json,"Before Congress, (Tom) Cotton got paid handsomely working for insurance companies and corporate interests.",False,Undetermined,0.0,37.9,Rule-based Health NLP Extractor (offline)
train:3053.json,"Says 15,000 IRS employees have to be added to administer ObamaCare and look at the tax implications.",False,Undetermined,0.0,38.3,Rule-based Health NLP Extractor (offline)
train:4066.json,"This governor has cut funding repeatedly for people who have AIDS, who need drugs to save their life.",True,Undetermined,0.0,30.5,Rule-based Health NLP Extractor (offline)
test:1329.json,"A small business receiving a federal tax credit ""to provide health care for its employees ... would be barred under the Stupak Amendment from allowing their employees to use ... the health care that they offer them for abortion.""",False,Undetermined,0.0,40.0,Rule-based Health NLP Extractor (offline)
train:4001.json,"The WIC program is an incredibly cost effective program, serving nearly 10 million Americans each year and costing less than $100 per person. In my district, more than 18 percent of residents suffer from food insecurity and depend on WIC to make ends meet.",False,Undetermined,0.0,31.2,Rule-based Health NLP Extractor (offline)
train:11377.json,HIV/AIDS among women is skyrocketing in Austin.,False,Undetermined,0.0,34.6,Rule-based Health NLP Extractor (offline)
train:7014.json,Ann McLane Kuster is for a government takeover of health care more radical than Obamacare. And she supports a $700 billion cut to Medicare for current retirees.,False,Undetermined,0.0,47.1,Rule-based Health NLP Extractor (offline)
train:1011.json,"The economic stimulus bill created a council that's ""modeled after the national board that controls Britains health system.""",False,Undetermined,0.0,32.9,Rule-based Health NLP Extractor (offline)
train:4512.json,"If we had been on Obamacare and a bureaucrat was trying to tell me when I could get that CAT scan, that would have delayed my treatment.",False,Undetermined,0.0,34.6,Rule-based Health NLP Extractor (offline)
train:9042.json,Says Cathy Jordan was arrested and dragged out of her home by a SWAT team of hooligans for using medical marijuana.,False,Undetermined,0.0,43.8,Rule-based Health NLP Extractor (offline)
train:10716.json,Repealing Obamacare saves our nation more than $2 trillion.,False,Undetermined,0.0,36.1,Rule-based Health NLP Extractor (offline)
valid:1271.json,"The proposed excise tax on ""Cadillac"" health plans will hit ""those making less than $200,000"" the hardest.",True,Undetermined,0.0,33.4,Rule-based Health NLP Extractor (offline)
valid:1147.json,76 percent of Americans want a public health care option.,False,Undetermined,0.0,36.6,Rule-based Health NLP Extractor (offline)
train:3109.json,On repeal and replace of federal health care reform.,False,Undetermined,0.0,32.9,Rule-based Health NLP Extractor (offline)
valid:6802.json,"Brendan Doherty wants to repeal Obamacare, increasing drug prices for seniors.",False,Undetermined,0.0,37.1,Rule-based Health NLP Extractor (offline)
train:10969.json,The party in the White House is responsible for a massive tax increase on the middle class.,False,Undetermined,0.0,33.1,Rule-based Health NLP Extractor (offline)
train:1176.json,"Switzerland and the Netherlands . . . cover all their citizens using private insurers, and they do so for much less cost.",True,Undetermined,0.0,38.2,Rule-based Health NLP Extractor (offline)
train:11897.json,"In America, we pay, by far, the highest prices in the world for prescription drugs.",True,Undetermined,0.0,33.0,Rule-based Health NLP Extractor (offline)
train:10734.json,More than 30 cents of every state tax dollar goes to Medicaid.,True,Undetermined,0.0,35.5,Rule-based Health NLP Extractor (offline)
train:9652.json,There were 36 states where Republicans who were in charge refused to implement a state (health insurance) exchange.,False,Undetermined,0.0,41.0,Rule-based Health NLP Extractor (offline)
train:9375.json,Less than 5 percent of registered users in states allowing medical marijuana have cancer or AIDS.,True,Undetermined,0.0,32.0,Rule-based Health NLP Extractor (offline)
train:9075.json,Millions of Americans are paying more and getting less under Obamacare.,False,Undetermined,0.0,26.7,Rule-based Health NLP Extractor (offline)
test:7356.json,Three in four low-income workers dont have any paid sick days available.,True,Undetermined,0.0,30.0,Rule-based Health NLP Extractor (offline)
train:13097.json,Says Ann Kirkpatrick walked out on constituents when questioned on the Affordable Care Act.,True,Undetermined,0.0,36.7,Rule-based Health NLP Extractor (offline)
valid:9534.json,Nearly 60 percent of women who use birth control do so for more than just family planning.,True,Undetermined,0.0,36.0,Rule-based Health NLP Extractor (offline)
train:1294.json,"Sen. Joe Liebermans home state has a public option which covers about 10,000 of its citizens that was introduced by its Republican governor.",True,Undetermined,0.0,39.2,Rule-based Health NLP Extractor (offline)
train:5717.json,"Sen. Sherrod Browns vote helped pass Barack Obamas job-killing health care law, which slapped small businesses throughout Ohio with a $500 billion tax increase.",False,Undetermined,0.0,63.1,Rule-based Health NLP Extractor (offline)
train:8214.json,Says Cory Booker supports late-term and partial-birth abortion and opposes safety regulations.,True,Undetermined,0.0,68.7,Rule-based Health NLP Extractor (offline)
valid:8374.json,The health care marketplaces have no privacy protections.,False,Undetermined,0.0,40.8,Rule-based Health NLP Extractor (offline)
train:1133.json,A provision in the health care reform bill for end-of-life counseling for seniors is not entirely voluntary.,False,Undetermined,0.0,41.6,Rule-based Health NLP Extractor (offline)
train:11275.json,The State of Texas is funding womens health services at historically high levels; they just increased their level another $50 million for the next two years.,True,Undetermined,0.0,41.4,Rule-based Health NLP Extractor (offline)
train:811.json,"""Senator McCain would pay for part of his (health care) plan by making drastic cuts in Medicare $882-billion worth.""",False,Undetermined,0.0,40.5,Rule-based Health NLP Extractor (offline)
train:12247.json,Says New Hampshires second congressional district includes two counties where almost 5 percent if not more of residents are enrolled in the states expanded Medicaid program.,True,Undetermined,0.0,40.5,Rule-based Health NLP Extractor (offline)
train:4742.json,Repealing the health care law would save $95 billion in 2016.,False,Undetermined,0.0,41.6,Rule-based Health NLP Extractor (offline)
train:3078.json,The health care law is job killing.,False,Undetermined,0.0,29.2,Rule-based Health NLP Extractor (offline)
test:1350.json,The Senate health care bill does not contain limits on medical malpractice lawsuits.,True,Undetermined,0.0,36.3,Rule-based Health NLP Extractor (offline)
train:3213.json,"Oregon families pay an extra $1,400 a year on higher insurance premiums to cover those who do not have insurance.",True,Undetermined,0.0,42.3,Rule-based Health NLP Extractor (offline)
train:6215.json,The Supreme Court said the individual mandate is a tax. So its a tax.,True,Undetermined,0.0,50.6,Rule-based Health NLP Extractor (offline)
train:3760.json,"You cant give a child an aspirin in school without permission. You cant do any kind of medication, but we can secretly take the child off and have an abortion.",True,Undetermined,0.0,53.2,Rule-based Health NLP Extractor (offline)
train:9575.json,"Says Mitch McConnell voted to raise Medicare costs for a current Kentucky senior by $6,000.",False,Undetermined,0.0,48.6,Rule-based Health NLP Extractor (offline)
train:6939.json,Says Mitt Romney suggested that employers should be able to make the decision as to whether or not a woman gets contraception through her insurance coverage.,True,Undetermined,0.0,43.0,Rule-based Health NLP Extractor (offline)
train:8633.json,FACT: Repealing Obamacare would be easier than repealing Prohibition.,True,Undetermined,0.0,34.6,Rule-based Health NLP Extractor (offline)
train:8719.json,"Because of the health care law, by 2017, we will be funneling over $100 billion annually to private insurance companies.",True,Undetermined,0.0,41.6,Rule-based Health NLP Extractor (offline)
train:4162.json,Federal law requires that hospitals treat people whether or not they can pay. So someone (who) doesnt have health insurance -- they can go to the hospital and get free care.,False,Undetermined,0.0,37.7,Rule-based Health NLP Extractor (offline)
valid:5997.json,"Access for 12,000 women to use Planned Parenthood -- not for the right to choose, but for basic health care -- was taken away by Wisconsin Gov. Scott Walker and Lt. Gov. Rebecca Kleefisch.",True,Undetermined,0.0,56.3,Rule-based Health NLP Extractor (offline)
train:8605.json,Republican ideas on health care dont give people an option to even enroll in something that they can afford.,True,Undetermined,0.0,35.6,Rule-based Health NLP Extractor (offline)
train:2673.json,"Says Scott Walker favors cutting up to 350,000 families and children off health care.",True,Undetermined,0.0,45.9,Rule-based Health NLP Extractor (offline)
test:9435.json,"By the time I left the State Department, economic growth was up and opium production was down in Afghanistan, while infant mortality declined and school enrollment rose by more than sevenfold.",True,Undetermined,0.0,40.9,Rule-based Health NLP Extractor (offline)
test:5087.json,Eliminating Obamacare ... saves $95 billion a year.,False,Undetermined,0.0,38.1,Rule-based Health NLP Extractor (offline)
train:4831.json,President Obama plans to impose a tax of at least 23 percent on the Medicare prescription drug benefit for low-income beneficiaries.,False,Undetermined,0.0,47.4,Rule-based Health NLP Extractor (offline)
train:8212.json,"Obamacare-caused paperwork will annually absorb 190 million hours or more--and Mount Rushmore could be built 1,547 times over with the paperwork.",False,Undetermined,0.0,43.9,Rule-based Health NLP Extractor (offline)
valid:8716.json,More Americans believe the moon landing was fake than believe Obamacare is affordable.,True,Undetermined,0.0,32.4,Rule-based Health NLP Extractor (offline)
train:1931.json,"""Health reform eliminates co-pays, deductibles, and other costs for preventative care and provides for free annual wellness checkups starting next year.""",True,Undetermined,0.0,36.6,Rule-based Health NLP Extractor (offline)
train:3552.json,"In Florida, its not illegal for an immediate family member of state officials to prosper from legislation supported by a spouse.",True,Undetermined,0.0,43.1,Rule-based Health NLP Extractor (offline)
train:9720.json,25 percent of all drug-related fatal vehicle accidents in the U.S. involve marijuana.,True,Undetermined,0.0,40.8,Rule-based Health NLP Extractor (offline)
train:13525.json,"Under Obamacare, premiums have doubled and tripled in Wisconsin.",True,Undetermined,0.0,33.3,Rule-based Health NLP Extractor (offline)
train:8647.json,Obamacare is going to increase the divorce rate.,False,Undetermined,0.0,36.6,Rule-based Health NLP Extractor (offline)
train:7518.json,"Eighty-five percent of Floridians who will benefit from expanding Medicaid are single, childless adults.",False,Undetermined,0.0,37.9,Rule-based Health NLP Extractor (offline)
train:3398.json,"Says its a statistical reality that most single moms are very poor, under-educated, cant get a job, and if it werent for government assistance, their kids would be starving to death.",False,Undetermined,0.0,41.1,Rule-based Health NLP Extractor (offline)
train:12459.json,Were losing thousands of (veterans) waiting on line because they cant get speedy health care from the Veterans Administration.,True,Undetermined,0.0,36.6,Rule-based Health NLP Extractor (offline)
valid:6246.json,"The health care law could cost up to $2 trillion, double what we were promised.",False,Undetermined,0.0,37.2,Rule-based Health NLP Extractor (offline)
valid:8583.json,"Only 536 Georgians are signed up for Obamacare while 400,000 in the state lost their health insurance.",True,Undetermined,0.0,43.9,Rule-based Health NLP Extractor (offline)
train:2761.json,Congresswoman Kathy Castor voted to spend $2.6 million to teach prostitutes in China to drink responsibly.,False,Undetermined,0.0,33.7,Rule-based Health NLP Extractor (offline)
train:1257.json,Baseball and insurance are the only industries exempt from antitrust laws.,False,Undetermined,0.0,39.1,Rule-based Health NLP Extractor (offline)
valid:8245.json,CBO reports that delaying the Obamacare individual mandate will reduce the deficit by $35 billion over ten years.,True,Undetermined,0.0,32.9,Rule-based Health NLP Extractor (offline)
train:1303.json,"The House health care bill pays for ""about six years of program with a decade of revenue, with the heaviest costs concentrated in the second five years.""",True,Undetermined,0.0,47.3,Rule-based Health NLP Extractor (offline)
train:9537.json,Women of childbearing age spend 68 percent more in out-of-pocket health care costs than men.,True,Undetermined,0.0,38.0,Rule-based Health NLP Extractor (offline)
train:4428.json,The premiums on Medicares prescription drug program have fallen almost every year since it began.,False,Undetermined,0.0,30.6,Rule-based Health NLP Extractor (offline)
valid:7146.json,Milwaukee County government employees pay much more for their health care than City of Milwaukee or State of Wisconsin employees.,True,Undetermined,0.0,52.5,Rule-based Health NLP Extractor (offline)
train:2918.json,Says Joe Straus was co-author of a bill that would have allowed Planned Parenthood to control public school sex education.,False,Undetermined,0.0,42.0,Rule-based Health NLP Extractor (offline)
valid:11343.json,"Daraprim is still underpriced, relative to its peers.",False,Undetermined,0.0,35.6,Rule-based Health NLP Extractor (offline)
train:1098.json,"Health insurance companies are making record profits, right now.",False,Undetermined,0.0,27.7,Rule-based Health NLP Extractor (offline)
train:1612.json,"""There will be no public funding for abortion in this legislation.""",True,Undetermined,0.0,31.3,Rule-based Health NLP Extractor (offline)
train:1123.json,Health care reform legislation is likely to mandate free sex change surgeries.,False,Undetermined,0.0,34.3,Rule-based Health NLP Extractor (offline)
valid:6252.json,83% of doctors have considered leaving the profession because of #Obamacare.,False,Undetermined,0.0,39.3,Rule-based Health NLP Extractor (offline)
train:7883.json,"47 - New provisions ObamaCare charges the IRS with implementing, according to the Government Accountability Office.",True,Undetermined,0.0,29.9,Rule-based Health NLP Extractor (offline)
test:87.json,"Obama ""won health care for 150,000 people.""",True,Undetermined,0.0,36.4,Rule-based Health NLP Extractor (offline)
valid:9398.json,Medicare is going broke. The trust fund goes bankrupt in 2026.,False,Undetermined,0.0,42.2,Rule-based Health NLP Extractor (offline)
test:5416.json,Says 80 percent of the health care dollars are spent by 20 percent of the population.,True,Undetermined,0.0,38.9,Rule-based Health NLP Extractor (offline)
test:11261.json,"Says he turned down a Medicaid expansion under Obamacare, but because of actions he took, for the first time in Wisconsins history everyone living in poverty is covered under Medicaid.",True,Undetermined,0.0,45.5,Rule-based Health NLP Extractor (offline)
train:2328.json,Charlie Crist has six different positions on ObamaCare.,True,Undetermined,0.0,29.5,Rule-based Health NLP Extractor (offline)
train:1639.json,"According to the nonpartisan Congressional Budget Office, the IRS would need to hire over 16,000 people ... to audit the American people and impose the new taxes and mandates of the health care bill.",False,Undetermined,0.0,28.2,Rule-based Health NLP Extractor (offline)
train:11536.json,"On the VA: Over 300,000 veterans have died waiting for care.",False,Undetermined,0.0,34.9,Rule-based Health NLP Extractor (offline)
train:8444.json,Gov. Lincoln Chafee has imposed a mandatory abortion fee on all Rhode Islanders who buy health insurance through the states Obamacare exchange.,True,Undetermined,0.0,39.9,Rule-based Health NLP Extractor (offline)
train:11942.json,"With Obamacare,You have no options ..you cant get competitive bidding.",False,Undetermined,0.0,42.4,Rule-based Health NLP Extractor (offline)
train:8157.json,"Since the passage of the Affordable Care Act, U.S. health care spending grew at 3.9 percent for the last three years, the lowest growth rate in over 50 years.",True,Undetermined,0.0,36.6,Rule-based Health NLP Extractor (offline)
train:12189.json,Says Rick Scott cut Medicaid so people cant get Obamacare.,True,Undetermined,0.0,40.6,Rule-based Health NLP Extractor (offline)
test:9101.json,"Women take birth control, more than half of them, as a medication for other conditions.",True,Undetermined,0.0,37.4,Rule-based Health NLP Extractor (offline)
train:1164.json,"Over the past few months, we've learned that ""we just can't count on the media to debunk"" lies about health insurance reform.",False,Undetermined,0.0,41.3,Rule-based Health NLP Extractor (offline)
train:1168.json,A new bill was written into the new health care reform initiative ensuring that Congress will be 100 percent exempt.,False,Undetermined,0.0,33.5,Rule-based Health NLP Extractor (offline)
train:10276.json,"In 2010, uninsured voters made up about 5 percent of the electorate.",True,Undetermined,0.0,34.8,Rule-based Health NLP Extractor (offline)
train:8599.json,"Floridas proposed amendment for medical marijuana would allow people who alleged minor ailments such as muscle spasms, neck pain, back pain and even menstrual cramps (to qualify) for government-sanctioned pot-smoking.",True,Undetermined,0.0,24.2,Rule-based Health NLP Extractor (offline)
train:3680.json,One of three patients hospitalized (is) harmed by the care they receive.,True,Undetermined,0.0,39.9,Rule-based Health NLP Extractor (offline)
train:7515.json,"Says indoor workers get less UV than outdoor workers, but they get more melanomas.",False,Undetermined,0.0,42.6,Rule-based Health NLP Extractor (offline)
train:6789.json,Barack Hussein Obama will force doctors to assist homosexuals in buying surrogate babies.,False,Undetermined,0.0,39.6,Rule-based Health NLP Extractor (offline)
valid:6709.json,Says he will protect your guaranteed benefits in Medicare while Mitt Romney would take away Medicare as guaranteed benefits.,True,Undetermined,0.0,39.3,Rule-based Health NLP Extractor (offline)
train:10673.json,"The Affordable Care Act is a major reason why weve seen 50,000 fewer preventable patient deaths in hospitals.",True,Undetermined,0.0,43.2,Rule-based Health NLP Extractor (offline)
train:9698.json,"Oregons three largest employers, and 13 of the top 25, are health care providers.",False,Undetermined,0.0,38.8,Rule-based Health NLP Extractor (offline)
train:3086.json,The impact of the 2010 federal health care legislation will be huge on Georgia.,True,Undetermined,0.0,32.9,Rule-based Health NLP Extractor (offline)
test:1574.json,Individuals and small businesses will be hit by increases in health insurance premiums as high as 39 percent.,True,Undetermined,0.0,37.1,Rule-based Health NLP Extractor (offline)
train:11643.json,"15 years ago, cancer drugs cost an average of $10,000 a year. Now its $10,000 a month.",True,Undetermined,0.0,48.8,Rule-based Health NLP Extractor (offline)
train:10033.json,Says U.S. Rep. Steve Southerland voted himself health care for life.,False,Undetermined,0.0,43.0,Rule-based Health NLP Extractor (offline)
train:10648.json,U.S. Rep. Patrick Murphy voted to allow members of Congress to receive taxpayer-funded health care for life.,False,Undetermined,0.0,32.9,Rule-based Health NLP Extractor (offline)
train:12388.json,There are more than twice as many (crisis pregnancy centers) as there are legitimate abortion providers in the United States.,True,Undetermined,0.0,36.6,Rule-based Health NLP Extractor (offline)
train:9574.json,"Says Alison Lundergan Grimes supports Obamacare, which cuts $700 billion from seniors Medicare.",True,Undetermined,0.0,38.2,Rule-based Health NLP Extractor (offline)
train:2420.json,"Rhode Island gives undocumented pregnant women health insurance, plus a cash card with $400 a month on it and $250 a month or $275 a month to spend on food.",False,Undetermined,0.0,41.8,Rule-based Health NLP Extractor (offline)
train:6217.json,"Says the Congressional Budget Office said if youre going to buy your own policy with these (health care) exchanges youll be paying 10 percent more ... about $2,100 more for a family.",False,Undetermined,0.0,33.3,Rule-based Health NLP Extractor (offline)
train:3827.json,Obesity kills 34 children per hour.,False,Undetermined,0.0,38.9,Rule-based Health NLP Extractor (offline)
test:7135.json,"If you and I fail to defund ObamaCare now, some 16,000 new IRS agents will be begin prying into our private medical records, eyeing each and every one of our treatments and prescriptions for violations.",False,Undetermined,0.0,47.8,Rule-based Health NLP Extractor (offline)
train:1317.json,There were more people at the Air and Space Museum than at a rally against the health care bills.,True,Undetermined,0.0,36.6,Rule-based Health NLP Extractor (offline)
test:4250.json,"Says state Rep. Sandy Pasch, her recall opponent, voted to allow public school employees to use taxpayer dollars to pick up the tab forViagra.",False,Undetermined,0.0,32.5,Rule-based Health NLP Extractor (offline)
train:787.json,"Under Barack Obama's health care proposal, ""if you've got a health care plan that you like, you can keep it.""",True,Undetermined,0.0,40.6,Rule-based Health NLP Extractor (offline)
test:73.json,"""Each year, 18,000 people die in America because they don't have health care.""",True,Undetermined,0.0,45.6,Rule-based Health NLP Extractor (offline)
test:8115.json,"Says by rejecting an expansion of Medicaid under the new law, Georgia was depriving 25,000 veterans of health care coverage.",True,Undetermined,0.0,37.4,Rule-based Health NLP Extractor (offline)
train:1177.json,"If you already have health insurance through your job, or Medicare, or Medicaid, or the VA, nothing in this plan will require you or your employer to change the coverage or the doctor you have.",True,Undetermined,0.0,37.0,Rule-based Health NLP Extractor (offline)
train:6621.json,"The first (state) budget that came out of our Republican leadership slashed funding to Planned Parenthood...It resulted in the reduction of hours, the elimination of days, elimination of access to women in my city and all over my state.",True,Undetermined,0.0,27.6,Rule-based Health NLP Extractor (offline)
train:10133.json,Says Scott Walker is forcing some women to undergo a transvaginal probe to get an abortion.,True,Undetermined,0.0,38.3,Rule-based Health NLP Extractor (offline)
train:8313.json,"Says President Barack Obama has amended, delayed, or repealed 19 components of his very own (health care) law.",True,Undetermined,0.0,35.6,Rule-based Health NLP Extractor (offline)
train:1196.json,Health insurance companies deny 1 out of 5 treatments prescribed by doctors.,False,Undetermined,0.0,42.6,Rule-based Health NLP Extractor (offline)
valid:10991.json,"Under the Affordable Care Act, anyone on Medicare who is admitted to a hospital for observation will be responsible for the bill. Medicare wont pay a cent.",False,Undetermined,0.0,36.7,Rule-based Health NLP Extractor (offline)
train:1112.json,"As many as 22,000 Americans die each year because they dont have health insurance.",True,Undetermined,0.0,32.1,Rule-based Health NLP Extractor (offline)
train:2946.json,Says federal health care overhaul will cost Texas state government upwards of $30 billion over the next 10 years.,False,Undetermined,0.0,42.0,Rule-based Health NLP Extractor (offline)
train:11155.json,"Since I took office, Wisconsin now has the 2nd highest health care quality ranking in the country.",True,Undetermined,0.0,45.6,Rule-based Health NLP Extractor (offline)
train:6194.json,President Obamashealth care law is a government takeover of healthcare.,False,Undetermined,0.0,41.2,Rule-based Health NLP Extractor (offline)
train:2307.json,Florida is 49th in per capita spending on mental health care.,True,Undetermined,0.0,36.8,Rule-based Health NLP Extractor (offline)
train:5594.json,"Despite President Barack Obamas promise to cut healthcare costs, the average cost of a family policy is up $1,300.",True,Undetermined,0.0,47.6,Rule-based Health NLP Extractor (offline)
test:7420.json,Federal spending on entitlements is projected to consume all revenue by 2045.,True,Undetermined,0.0,49.9,Rule-based Health NLP Extractor (offline)
train:1337.json,"The Senate health care bill ""would leave 24 million people without insurance coverage.""",True,Undetermined,0.0,40.4,Rule-based Health NLP Extractor (offline)
train:8974.json,Says Lamar Smith sponsored the bill that funded Obamacare.,False,Undetermined,0.0,31.0,Rule-based Health NLP Extractor (offline)
test:4161.json,Active duty males in the military are twice as likely to develop prostate cancer than their civilian counterparts.,True,Undetermined,0.0,46.3,Rule-based Health NLP Extractor (offline)
test:8486.json,"Even after Obamacare is fully implemented, there still will be tens of millions of people not covered.",True,Undetermined,0.0,45.5,Rule-based Health NLP Extractor (offline)
train:7032.json,Says she voted against the Medicare Part D prescription drug program because it was unfunded.,False,Undetermined,0.0,42.1,Rule-based Health NLP Extractor (offline)
train:8879.json,Says President Barack Obamas health care law is expected to destroy 2.3 million jobs.,False,Undetermined,0.0,51.5,Rule-based Health NLP Extractor (offline)
train:8805.json,"In the past three years, state legislatures have enacted more of these restrictions (on abortion) than in the previous 10 years combined.",True,Undetermined,0.0,41.9,Rule-based Health NLP Extractor (offline)
train:1266.json,"Seniors with coverage under Medicare Advantage will give up ""more than their share"" because of health care reform",True,Undetermined,0.0,46.1,Rule-based Health NLP Extractor (offline)
train:192.json,"Barack Obama's health care plan ""would leave 15 million Americans out.""",True,Undetermined,0.0,48.3,Rule-based Health NLP Extractor (offline)
valid:1124.json,Page 992 of the health care bill will establish school-based 'health' clinics. Your children will be indoctrinated and your grandchildren may be aborted!,False,Undetermined,0.0,40.4,Rule-based Health NLP Extractor (offline)
train:8562.json,Says the number of Democrats who voted for the GOP measure allowing health plan renewals is close to the number who voted on GOP bills to delay mandates on employers and individuals.,True,Undetermined,0.0,51.9,Rule-based Health NLP Extractor (offline)
train:8660.json,Obamacare could force thousands of volunteer fire stations to cut service or close entirely!,True,Undetermined,0.0,41.5,Rule-based Health NLP Extractor (offline)
train:8496.json,Rand Pauls speech ... on Gattaca was totally ripped off of Wikipedia.,True,Undetermined,0.0,41.8,Rule-based Health NLP Extractor (offline)
train:11790.json,Anyone can die of a toothache.,True,Undetermined,0.0,39.9,Rule-based Health NLP Extractor (offline)
train:9059.json,The United States has seen a net loss of people with health insurance because of Obamacare.,False,Undetermined,0.0,44.1,Rule-based Health NLP Extractor (offline)
train:4346.json,Gov. Rick Scott is trying to get a waiver under the federal health care law that would deny consumers in Florida the right to the $60 million in rebates they have from their own HMOs.,True,Undetermined,0.0,41.8,Rule-based Health NLP Extractor (offline)
train:11626.json,Ron Johnson said specifically that he hopes the first steps occur to privatize the Veterans Administration.,True,Undetermined,0.0,40.8,Rule-based Health NLP Extractor (offline)
test:3044.json,We had an amendment in the health care law that said the federal government is going to take over education.,False,Undetermined,0.0,35.0,Rule-based Health NLP Extractor (offline)
valid:8322.json,Warren Buffett says stop Obamacare now and start over.,False,Undetermined,0.0,37.3,Rule-based Health NLP Extractor (offline)
test:4929.json,"In 1993, Newt Gingrich first advocated for the individual mandate in health care. And as recently as May of this year, he was still advocating for it.",True,Undetermined,0.0,63.0,Rule-based Health NLP Extractor (offline)
valid:11792.json,"Blue Cross Blue Shield cancelled all their individual (health care) policies in the state of Texas, effective Dec. 31.",False,Undetermined,0.0,40.7,Rule-based Health NLP Extractor (offline)
train:1142.json,"""There's no rationing in any of these bills.""",False,Undetermined,0.0,38.9,Rule-based Health NLP Extractor (offline)
train:10302.json,"A single parent with a couple kids can easily get $35,000 a year in public assistance in Wisconsin.",False,Undetermined,0.0,33.2,Rule-based Health NLP Extractor (offline)
train:8951.json,The medical marijuana ballot initiative doesnt require a physician writing a prescription and can be for conditions like having a back that needs to be scratched.,True,Undetermined,0.0,43.5,Rule-based Health NLP Extractor (offline)
test:6264.json,"Because of the health care act, The people who have health care and like it in this county are not going to be able to keep what they have.",False,Undetermined,0.0,36.3,Rule-based Health NLP Extractor (offline)
test:9151.json,"When people enter the service, theres not a mental health evaluation.",True,Undetermined,0.0,31.4,Rule-based Health NLP Extractor (offline)
train:1000.json,"In the 1970s, the swine flu broke out . . . under another Democrat, President Jimmy Carter.",False,Undetermined,0.0,50.0,Rule-based Health NLP Extractor (offline)
train:5548.json,"Because of the new health care law, 2.5 million young adults now have coverage.",True,Undetermined,0.0,48.1,Rule-based Health NLP Extractor (offline)
train:3378.json,"Secretly, unbeknownst to members of Congress, over $105 billion was hidden in the Obamacare legislation.",False,Undetermined,0.0,117.0,Rule-based Health NLP Extractor (offline)
train:6960.json,President Barack Obama (is) the first president in history to cut Medicare by $700 billion.,True,Undetermined,0.0,67.3,Rule-based Health NLP Extractor (offline)
train:11755.json,"Says Bernie Sanders health care plan would empower Republicangovernors to take away Medicaid,to take away health insurance for low-income and middle-income working Americans.",False,Undetermined,0.0,52.4,Rule-based Health NLP Extractor (offline)
test:11736.json,"As governor of Florida, I used a combination of strategies to help reduce heroin use among youth in Florida by approximately 50 percent.",True,Undetermined,0.0,55.3,Rule-based Health NLP Extractor (offline)
valid:1122.json,"The health care reform plan would set limits similar to the socialized system in Britain, where people are allowed to die if their treatment would cost more than $22,000.",False,Undetermined,0.0,36.0,Rule-based Health NLP Extractor (offline)
train:10784.json,"If we choose Obamacare expansion, 600,000 will lose eligibility for their subsidies, of which 257,000 would be forced into Medicaid.",True,Undetermined,0.0,45.7,Rule-based Health NLP Extractor (offline)
train:1513.json,"The Democratic health care plan is a ""government takeover of our health programs.""",False,Undetermined,0.0,42.1,Rule-based Health NLP Extractor (offline)
train:6668.json,Says Republicans have declared that theyre going to convert the Medicare program into a voucher program.,True,Undetermined,0.0,52.2,Rule-based Health NLP Extractor (offline)
valid:6608.json,Says opponents of the health care law prevailed on our two main arguments to the U.S. Supreme Court.,True,Undetermined,0.0,60.7,Rule-based Health NLP Extractor (offline)
test:10091.json,Almost every state has offered an insurance plan on its health exchange that does not cover abortion.,True,Undetermined,0.0,66.3,Rule-based Health NLP Extractor (offline)
train:11007.json,We are the only major country on Earth that doesnt guarantee health care to all people as a right.,True,Undetermined,0.0,50.9,Rule-based Health NLP Extractor (offline)
valid:8323.json,(Obamacare) is a bill which has never once had a majority of Americans favor it.,True,Undetermined,0.0,33.5,Rule-based Health NLP Extractor (offline)
valid:7574.json,Says the Democrats told the Catholic Church that theyll use federal powers to shut down church charities and hospitals if the church doesnt change its beliefs.,False,Undetermined,0.0,43.7,Rule-based Health NLP Extractor (offline)
train:1585.json,"""House Speaker Nancy Pelosi said this week that the Democrats have to pass their terrible health care bill so that the American people can actually find out what's in it.""",True,Undetermined,0.0,72.4,Rule-based Health NLP Extractor (offline)
train:8653.json,"John Cornyn has voted to increase the debt, raise taxes, bail out Wall Street banks and fund Obamacare.",True,Undetermined,0.0,55.7,Rule-based Health NLP Extractor (offline)
test:8419.json,Virtually every person across this country has seen premiums going up and up and up due to Obamacare.,False,Undetermined,0.0,41.3,Rule-based Health NLP Extractor (offline)
train:1135.json,Health care reform will not affect veterans' benefits.,True,Undetermined,0.0,48.5,Rule-based Health NLP Extractor (offline)
train:1487.json,"Among the money spent on health care in the United States, ""46 cents on every dollar spent is through Medicare and Medicaid.""",True,Undetermined,0.0,42.2,Rule-based Health NLP Extractor (offline)
valid:7647.json,Abortion coverage is a standard insurance benefit in nearly 90 percent of private plans sold in the U.S.,False,Undetermined,0.0,131.8,Rule-based Health NLP Extractor (offline)
train:3485.json,Oregon is the only state out of the 50 states in the USA that continues to pay 100% of the medical benefits for its employees and their families.,False,Undetermined,0.0,88.6,Rule-based Health NLP Extractor (offline)
test:8552.json,Obamacare was the Republican plan in the early 90s.,True,Undetermined,0.0,84.1,Rule-based Health NLP Extractor (offline)
train:11903.json,Scott Fisher tried to expand Obamacare in Texas and even voted for an official resolution to force 1 million Texans into Obamacare.,False,Undetermined,0.0,48.3,Rule-based Health NLP Extractor (offline)
train:8410.json,No doctors who went to an American medical school will be accepting Obamacare.,False,Undetermined,0.0,52.7,Rule-based Health NLP Extractor (offline)
train:9113.json,There are still more people uninsured today than when Obama was elected president.,True,Undetermined,0.0,59.1,Rule-based Health NLP Extractor (offline)
train:8616.json,The economy bled $24 billion due to the government shutdown.,True,Undetermined,0.0,52.6,Rule-based Health NLP Extractor (offline)
train:8293.json,Obamacare will question your sex life.,False,Undetermined,0.0,43.8,Rule-based Health NLP Extractor (offline)
valid:1415.json,"The House health care bill provides for ""free abortion services, and probably forced participation in abortions by members of the medical profession.""",False,Undetermined,0.0,60.2,Rule-based Health NLP Extractor (offline)
train:6373.json,The Congressional Budget Office has already doubled its estimate for the cost (of Obamacare) so far from roughly $800 billion to $1.7 trillion.,False,Undetermined,0.0,67.0,Rule-based Health NLP Extractor (offline)
train:6804.json,Says Illinois Democrat David Gill would end Medicare.,False,Undetermined,0.0,48.8,Rule-based Health NLP Extractor (offline)
train:1297.json,"Page 92 of the House health care bill ""says specifically that people can't purchase private health insurance after a date certain.""",False,Undetermined,0.0,49.4,Rule-based Health NLP Extractor (offline)
valid:835.json,"Measures in Barack Obama's health plan could ""lower health care costs for the typical family by $2,500 a year.""",True,Undetermined,0.0,45.9,Rule-based Health NLP Extractor (offline)
train:10206.json,"According to recent reports, a group of death panels organized under Obamacare ordered their first execution.",False,Undetermined,0.0,43.9,Rule-based Health NLP Extractor (offline)
train:1111.json,53 percent of Americans cut back on their health care in the last year because of costs.,True,Undetermined,0.0,34.5,Rule-based Health NLP Extractor (offline)
train:5940.json,"President Obama promised families making less than $250,000 a year would not see taxes go up, but Obamacare raises 18 different taxes.",False,Undetermined,0.0,60.3,Rule-based Health NLP Extractor (offline)
train:12276.json,Says its absurd to say theres enough data to establish a link between playing football and Chronic Traumatic Encephalopathy.,False,Undetermined,0.0,63.6,Rule-based Health NLP Extractor (offline)
train:1509.json,"""One of the most recent polls said 75 percent of the American people have said either don't do anything or start over (on health care reform).""",True,Undetermined,0.0,62.0,Rule-based Health NLP Extractor (offline)
valid:4545.json,"Says that in 2001, Rick Perry spoke favorably of binational health insurance between Mexico and Texas.",True,Undetermined,0.0,56.5,Rule-based Health NLP Extractor (offline)
train:12694.json,Do you know what the second sport with the most concussions is? Womens soccer And the third most dangerous sport? Cheerleading.,True,Undetermined,0.0,56.0,Rule-based Health NLP Extractor (offline)
train:7212.json,"Says that according to many reports and even our own data, the state of Texas spent more through Medicaid on orthodontia than all other states combined.",True,Undetermined,0.0,38.5,Rule-based Health NLP Extractor (offline)
train:5679.json,"If the Supreme Court throws out the federal health care law, it would be an unprecedented, extraordinary step of overturning a law that was passed by a strong majority of a democratically elected Congress.",False,Undetermined,0.0,63.0,Rule-based Health NLP Extractor (offline)
valid:6705.json,"Says Congressman Jon Runyan has a plan to raise Medicare costs $6,400 a year.",False,Undetermined,0.0,48.5,Rule-based Health NLP Extractor (offline)
train:1155.json,"The Department of Veterans Affairs has a manual out there telling our veterans stuff like, 'Are you really of value to your community?' You know, encouraging them to commit suicide.",False,Undetermined,0.0,57.3,Rule-based Health NLP Extractor (offline)
train:11653.json,"Last year, I stopped an Obamacare bailout and saved taxpayers $2.5 billion.",False,Undetermined,0.0,35.3,Rule-based Health NLP Extractor (offline)
train:8820.json,Obamacare passed by just one vote in the Senate. It wouldnt have passed without Mark Warners vote.,True,Undetermined,0.0,38.5,Rule-based Health NLP Extractor (offline)
train:8550.json,"Given how expansive our program already was, expanding Medicaid in New Jersey due to Obamacare was a relatively small expansion.",True,Undetermined,0.0,43.3,Rule-based Health NLP Extractor (offline)
train:1141.json,Nearly 46 million Americans don't have health insurance coverage today.,True,Undetermined,0.0,31.2,Rule-based Health NLP Extractor (offline)
train:120.json,"""With one stroke of his pen, President Bush has denied health insurance to 3.8 million kids who were due to get it under this bipartisan expansion of the Children's Health Insurance Program.""",True,Undetermined,0.0,69.2,Rule-based Health NLP Extractor (offline)
train:4115.json,"Under Ryan plan,those 54 and younger would receive the same kind of healthcare options now enjoyed by members of Congress.",False,Undetermined,0.0,50.1,Rule-based Health NLP Extractor (offline)
train:10078.json,"Weeks after accepting a quarter-million-dollar campaign contribution from a hospital board chairman, Greg Abbott went to court against victims of a drug-taking neurosurgeon.",True,Undetermined,0.0,54.4,Rule-based Health NLP Extractor (offline)
train:3377.json,State employees will have to pay 100 percent of their pensions and health insurance after 2012.,False,Undetermined,0.0,36.1,Rule-based Health NLP Extractor (offline)
train:4637.json,New Jerseys poverty rate has increased since this governor took office and the number of New Jerseyans without health insurance has risen.,True,Undetermined,0.0,51.3,Rule-based Health NLP Extractor (offline)
train:6852.json,"When (Joe Kyrillos) had an opportunity to vote for women in terms of their health care, not once, not twice, but six times, he voted against womens health care in our state.",True,Undetermined,0.0,54.7,Rule-based Health NLP Extractor (offline)
train:5549.json,"Because of the new health care law, 17 million kids can no longer be denied for a pre-existing condition.",False,Undetermined,0.0,46.1,Rule-based Health NLP Extractor (offline)
train:10101.json,Some doctors say Ebola can be transmitted through the air by a sneeze or some cough.,False,True,1.0,46.1,Rule-based Health NLP Extractor (offline)
train:13085.json,"300,000 Floridians have lost their health insurance as a result of Obamacare.",False,Undetermined,0.0,44.1,Rule-based Health NLP Extractor (offline)
train:3712.json,"On the night of the Iowa caucuses, Obama promised the nation that he would do health care reform focused on cost containment, he opposed an individual mandate, and he said he was going to do it with Republicans.",True,Undetermined,0.0,44.9,Rule-based Health NLP Extractor (offline)
train:1127.json,"""If you like your health care plan, you can keep your health care plan.""",True,Undetermined,0.0,56.4,Rule-based Health NLP Extractor (offline)
train:4623.json,"The health care law was a 2,733-page bill! . . . No amendments!",True,Undetermined,0.0,67.5,Rule-based Health NLP Extractor (offline)
train:7786.json,"Expanding Medicaid would require borrowing more money, drastically expanding our deficit.",True,Undetermined,0.0,42.3,Rule-based Health NLP Extractor (offline)
valid:3375.json,"Under the clear letter of the law, (Justice Clarence Thomas) must recuse himself from the case challenging the constitutionality of the health care law.",True,Undetermined,0.0,46.6,Rule-based Health NLP Extractor (offline)
valid:1598.json,"A national poll found that among people who oppose the Democratic health care reform bill, ""almost 40 percent"" opposed it not because it goes too far, but because ""they dont think it goes far enough. ... They will not be unhappy when we pass health care reform.""",True,Undetermined,0.0,89.6,Rule-based Health NLP Extractor (offline)
valid:8084.json,"Under Obamacare, 75 percent of small businesses now say they are going to be forced to either fire workers or cut their hours.",False,Undetermined,0.0,60.1,Rule-based Health NLP Extractor (offline)
train:2302.json,"We spend more money on health care per capita in the United States than any other country in the world. Of the 30 developed countries in the world, we spend 2 1/2 times more than the average. Of the country that spends the second most per capita, Switzerland, we spend 175 percent more.",True,Undetermined,0.0,41.5,Rule-based Health NLP Extractor (offline)
valid:9949.json,Says opponent Mary Burke says she supports Obamacare unequivocally and wants to expand it.,True,Undetermined,0.0,52.6,Rule-based Health NLP Extractor (offline)
train:8346.json,"In a sweetheart deal members of Congress, thanks to the Obama administration, are going to be the only people in America to get subsidies in the Obamacare exchanges.",False,Undetermined,0.0,45.9,Rule-based Health NLP Extractor (offline)
test:11230.json,Says Scott Walkers plan to replace Obamacare is a new entitlement program for every single American human being from the time they are born right up until they grow old and become eligible for Medicare.,True,Undetermined,0.0,62.7,Rule-based Health NLP Extractor (offline)
train:1543.json,"Cover Florida ""is available to any Floridian, offering basic coverage for about $150 a month, instead of the typical $600 a month.""",False,Undetermined,0.0,42.8,Rule-based Health NLP Extractor (offline)
test:8685.json,Texas has the highest rate of uninsured in the nation. ... And there are more uninsured children in Texas than in any other state.,True,Undetermined,0.0,125.1,Rule-based Health NLP Extractor (offline)
train:8916.json,Businesses will be required to certify to the IRS under penalty of perjury that Obamacare was not a motivating factor for cutting staff.,True,Undetermined,0.0,59.0,Rule-based Health NLP Extractor (offline)
train:6454.json,Says state Senate candidate Aaron Bean voted to give health care subsidies to illegal immigrants.,False,Undetermined,0.0,41.5,Rule-based Health NLP Extractor (offline)
train:8645.json,Defensive medicine costs Georgia up to $14 billion a year.,True,Undetermined,0.0,44.3,Rule-based Health NLP Extractor (offline)
valid:3075.json,"Between the year 2000 and 2006, (insurance) premiums in this country doubled.",True,Undetermined,0.0,48.6,Rule-based Health NLP Extractor (offline)
valid:10150.json,Rick Scott vetoed funding for 30 Florida rape crisis centers. Scott said the centers werent needed.,False,Undetermined,0.0,45.5,Rule-based Health NLP Extractor (offline)
train:1555.json,"The health care bill will ""create 4 million jobs, 400,000 jobs almost immediately.""",True,Undetermined,0.0,32.5,Rule-based Health NLP Extractor (offline)
train:6438.json,"Says Tommy Thompson favors Obamas health care mandate, was publicly thanked by Obama for health reform support and that Thompson says we cant repeal Obamacare.",False,Undetermined,0.0,43.9,Rule-based Health NLP Extractor (offline)
train:8478.json,"If I have affordable coverage in my workplace, Im not eligible to go into the marketplace. ... Its illegal.",False,Undetermined,0.0,79.8,Rule-based Health NLP Extractor (offline)
test:1569.json,"When we started this health care debate a year ago, 85 percent of the American people had health insurance, and 95 percent of the 85 percent were happy with it.",True,Undetermined,0.0,106.7,Rule-based Health NLP Extractor (offline)
train:6358.json,"Embryonic stem cell research is at a dead end, with no one good example of a successful treatment.",False,Undetermined,0.0,41.0,Rule-based Health NLP Extractor (offline)
train:167.json,"""All of the records, as far as I know, about what we did with health care, those are already available.""",False,Undetermined,0.0,55.4,Rule-based Health NLP Extractor (offline)
train:1438.json,"""A majority of Americans still oppose this health care bill.""",True,Undetermined,0.0,74.8,Rule-based Health NLP Extractor (offline)
train:1132.json,AARP is endorsing the health care reform bill.,False,Undetermined,0.0,146.6,Rule-based Health NLP Extractor (offline)
train:10053.json,Says Scott Brown co-sponsored legislation to let employers deny women coverage for birth control.,True,Undetermined,0.0,70.1,Rule-based Health NLP Extractor (offline)
test:3228.json,Orrin Hatch co-sponsored a 1993 health care bill that had an individual mandate.,True,Undetermined,0.0,38.3,Rule-based Health NLP Extractor (offline)
train:449.json,"Hillary Clinton is ""willing to have workers' wages garnisheed if they refuse to buy health insurance.""",True,Undetermined,0.0,48.0,Rule-based Health NLP Extractor (offline)
train:3426.json,"Says that Republicans bragged about how every bill was going to be paid for, right from the beginning and that the first vote, the repeal of health care reform, violated that rule.",True,Undetermined,0.0,54.2,Rule-based Health NLP Extractor (offline)
train:1101.json,"Doctors, nurses, hospitals, even the pharmaceutical industry, (and) AARP say that health reform makes sense to do.",True,Undetermined,0.0,41.7,Rule-based Health NLP Extractor (offline)
train:72.json,"Half of all personal bankruptcies in America ""are caused by medical bills.""",True,Undetermined,0.0,46.1,Rule-based Health NLP Extractor (offline)
train:12578.json,"Doctors kill about 250,000 people a year in botched surgeries.",False,Undetermined,0.0,32.7,Rule-based Health NLP Extractor (offline)
test:8340.json,A strong bipartisan majority in the House of Representatives voted to defund Obamacare.,False,Undetermined,0.0,27.5,Rule-based Health NLP Extractor (offline)
train:7072.json,We have more hospitals that are childrens hospitals than any other state in the union. ,False,Undetermined,0.0,40.0,Rule-based Health NLP Extractor (offline)
valid:6257.json,The health care law adds around $800 billion of taxes on the American people. It does not discriminate between rich and poor.,False,Undetermined,0.0,51.4,Rule-based Health NLP Extractor (offline)
train:11398.json,Millions of dollars are spent by Planned Parenthood to elect Democrats to the House of Representatives and the Senate.,True,Undetermined,0.0,44.4,Rule-based Health NLP Extractor (offline)
train:3092.json,The health care law includes tort reform.,False,Undetermined,0.0,45.0,Rule-based Health NLP Extractor (offline)
test:5911.json,"Says the health care reform bill was paid for, in part, by taking money from students and the student loan system.",True,Undetermined,0.0,38.0,Rule-based Health NLP Extractor (offline)
test:2305.json,"Under the new health care law, if a landscaper wants to buy a new lawnmower, or a restaurant needs a new ice-maker, they have to report that to the feds.",True,Undetermined,0.0,55.7,Rule-based Health NLP Extractor (offline)
train:6155.json,Says Barack Obama and his team are socialists in every respect of the word.,False,Undetermined,0.0,33.3,Rule-based Health NLP Extractor (offline)
test:6425.json,President Obama and Nancy Pelosi said Obamacare would save money because they factored in 10 years worth of tax revenue and only six and half years worth of expenses.,True,Undetermined,0.0,56.2,Rule-based Health NLP Extractor (offline)
train:1414.json,"The Democrats' health care bills would provide ""free health care for illegal immigrants.""",False,Undetermined,0.0,37.7,Rule-based Health NLP Extractor (offline)
train:1625.json,"In Cover Florida ""thousands already enrolled and climbing.""",True,Undetermined,0.0,32.7,Rule-based Health NLP Extractor (offline)
train:11595.json,Taking all the money of the top 1 percent wouldnt keep Medicare going for three years.,False,Undetermined,0.0,103.6,Rule-based Health NLP Extractor (offline)
train:8409.json,"Live cats have holes drilled into their skulls, posts put into their heads and coils put into their eyes, and some have had their ears cut off or are intentionally deafened or starved at UW-Madison labs that do research to improve hearing in humans.",True,Undetermined,0.0,26.2,Rule-based Health NLP Extractor (offline)
train:1596.json,"""There is no precedent for what the Democrats are doing with this deception. ... We have never written a reconciliation bill to amend a law that does not exist.""",True,Undetermined,0.0,38.0,Rule-based Health NLP Extractor (offline)
train:10166.json,"As a result of Obamacare, California seniors face benefit cuts of over $1,700.",False,Undetermined,0.0,41.2,Rule-based Health NLP Extractor (offline)
train:10193.json,"Over 214,000 doctors opt out of Obamacare exchanges.",False,Undetermined,0.0,35.8,Rule-based Health NLP Extractor (offline)
train:5600.json,The administration has issued rules for $1 abortions in ObamaCare and requires all persons enrolled in insurance plans that include elective abortion coverage to pay an abortion premium.,False,Undetermined,0.0,33.3,Rule-based Health NLP Extractor (offline)
train:5999.json,Says Sen. Sherrod Brown cast the deciding vote on the government takeover of health care.,False,Undetermined,0.0,41.2,Rule-based Health NLP Extractor (offline)
valid:3507.json,"Originally, Democrats promised that if you liked your health care plan, you could keep it. One year later we know that you need a waiver to keep your plan.",False,Undetermined,0.0,38.0,Rule-based Health NLP Extractor (offline)
train:3807.json,"Says that Tim Pawlenty eliminated health insurance for 33,000 to 35,000 people when he was governor of Minnesota.",True,Undetermined,0.0,53.0,Rule-based Health NLP Extractor (offline)
test:7401.json,"Says, Statistics indicate that one in eight children, and one in 18 adults in Oregon suffers from mental illness.",True,Undetermined,0.0,74.9,Rule-based Health NLP Extractor (offline)
train:10062.json,We were told there would never be a case of Ebola in the United States.,False,Undetermined,0.0,38.9,Rule-based Health NLP Extractor (offline)
test:8979.json,Says Tom Cottons vote in Congress to change Medicare will increase out-of-pocket expenses for every senior in Arkansas.,False,Undetermined,0.0,45.8,Rule-based Health NLP Extractor (offline)
train:1523.json,"""The costs for families (in the individual market) for the same type of coverage that they're currently receiving would go down 14 percent to 20 percent.""",True,Undetermined,0.0,37.7,Rule-based Health NLP Extractor (offline)
train:8453.json,"Congress, criminals, Scientologists and other groups are exempt from Obamacare.",False,Undetermined,0.0,37.5,Rule-based Health NLP Extractor (offline)
train:3000.json,The tax-cut deal adds more than $800 billion to the deficit over two years -- more than the cost of TARP and more than the cost of the Recovery Act and about the same as health care reform.,True,Undetermined,0.0,48.8,Rule-based Health NLP Extractor (offline)
train:8427.json,"The president has given 1,100 special waivers to his friends for Obamacare.",False,Undetermined,0.0,34.2,Rule-based Health NLP Extractor (offline)
train:9557.json,Says Hillary Clintons health care plan from the 1990s had a broader provision in favor of corporate right to back out of providing contraceptive coverage than the one created by the Hobby Lobby Supreme Court decision.,False,Undetermined,0.0,41.1,Rule-based Health NLP Extractor (offline)
train:6151.json,Three of our cities are among the top five worst cities in the U.S. for asthma.,True,Undetermined,0.0,55.1,Rule-based Health NLP Extractor (offline)
valid:9124.json,"A Koch brothers group is going to college campuses, giving away free booze to try to bribe young folks out of getting health insurance.",True,Undetermined,0.0,40.1,Rule-based Health NLP Extractor (offline)
train:11624.json,Probably less than 4 percent of Wisconsin residents are enjoying the subsidies from Obamacare.,True,Undetermined,0.0,38.6,Rule-based Health NLP Extractor (offline)
train:8175.json,Says unions call Obamacare bad for workers.,True,Undetermined,0.0,35.4,Rule-based Health NLP Extractor (offline)
valid:2973.json,The Democrats health care reform law is agovernment takeover of health care.,False,Undetermined,0.0,30.3,Rule-based Health NLP Extractor (offline)
train:5918.json,20 million people could lose their current coverage including our senior citizens who are on Medicare.,False,Undetermined,0.0,32.1,Rule-based Health NLP Extractor (offline)
train:7621.json,Says Obama called Medicaid broken four years ago.,True,Undetermined,0.0,39.9,Rule-based Health NLP Extractor (offline)
train:6186.json,President Obamas health-care law will add trillions of dollars in debt.,False,Undetermined,0.0,64.2,Rule-based Health NLP Extractor (offline)
train:6220.json,Obamacare puts the federal government between you and your doctor.,False,Undetermined,0.0,48.3,Rule-based Health NLP Extractor (offline)
train:999.json,Washing your hands and covering your mouth when you cough makes a huge difference in reducing transmission of the flu.,True,Undetermined,0.0,72.7,Rule-based Health NLP Extractor (offline)
train:1417.json,We have over 300 state agencies. Forty-five of those agencies are related to health care.,False,Undetermined,0.0,66.3,Rule-based Health NLP Extractor (offline)
train:8654.json,"Under President Obamas health-care reforms, the premium for an average plan for a family didnt go down by $2,500 per year, its gone up about $2,500 per year.",True,Undetermined,0.0,65.6,Rule-based Health NLP Extractor (offline)
valid:4100.json,Floridas proposed Health Care Freedom Act will allow Floridians to opt out of Obamas govt. takeover of healthcare!,False,Undetermined,0.0,87.8,Rule-based Health NLP Extractor (offline)
train:5234.json,"A typical married couple will contribute $119,000 into Medicare but will receive $357,000 in Medicare benefits over their lifetimes.",True,Undetermined,0.0,46.2,Rule-based Health NLP Extractor (offline)
train:11964.json,"When they passed Obamacare, they put a bailout fund in Obamacare. We led the effort and wiped out that bailout fund.",False,Undetermined,0.0,45.4,Rule-based Health NLP Extractor (offline)
train:8812.json,"Forty years ago, hardly anybody in the country had health insurance.",False,Undetermined,0.0,29.7,Rule-based Health NLP Extractor (offline)
train:8460.json,Nearly 6 in 10 uninsured Americanscan get health insurance for what may be the equivalent of your cell phone bill.,True,Undetermined,0.0,42.7,Rule-based Health NLP Extractor (offline)
valid:7234.json,Obamacare includes a $63 charge every American will begin paying (in 2013) as a way to cover some of the increased costs associated with providing health insurance to those with pre-existing conditions.,False,Undetermined,0.0,40.8,Rule-based Health NLP Extractor (offline)
valid:9119.json,"If the legislature refuses to expand Medicaid, 27 states are going to get our money Virginia taxpayer money into their states to provide health care for their citizens, paid for by us.",False,Undetermined,0.0,42.8,Rule-based Health NLP Extractor (offline)
train:1295.json,There is majority support for the Democrats' health care plans.,False,Undetermined,0.0,68.6,Rule-based Health NLP Extractor (offline)
train:5954.json,Betty Sutton gutted Medicare by $500 billion with her vote for the presidents health care bill.,False,Undetermined,0.0,50.7,Rule-based Health NLP Extractor (offline)
train:1110.json,Forty-five percent of Americans went without needed care because of costs in 2007.,True,Undetermined,0.0,61.0,Rule-based Health NLP Extractor (offline)
train:8213.json,Congress secured special Obamacare rules to prevent their healthcare costs from rising.,True,Undetermined,0.0,42.0,Rule-based Health NLP Extractor (offline)
train:7471.json,Says Texas has the most uninsured people of any state -- 6 million.,False,Undetermined,0.0,40.3,Rule-based Health NLP Extractor (offline)
train:1812.json,"Rick Scott ""was forced to resign as the head of a company that pled guilty to massive amounts of systematic fraud, including 14 felonies, leading to a historic $1.7 billion fine.""",True,Undetermined,0.0,50.7,Rule-based Health NLP Extractor (offline)
train:1305.json,"As a result of the House Republican bill, the nonpartisan Congressional Budget Office now confirms that families will see their health care premiums reduced by up to 10 percent.",True,Undetermined,0.0,46.3,Rule-based Health NLP Extractor (offline)
train:8326.json,"UPS left 15,000 employees spouses without health insurance and told them to, go on an exchange with no employer subsidy.",False,Undetermined,0.0,65.0,Rule-based Health NLP Extractor (offline)
train:7990.json,"Obamacare will provide insurance to all non-U.S. residents, even if they are here illegally.",False,Undetermined,0.0,70.3,Rule-based Health NLP Extractor (offline)
valid:9232.json,Says Al Franken voted to exempt himself and Congress from enrolling in (the Affordable Care Act marketplaces).,False,Undetermined,0.0,37.5,Rule-based Health NLP Extractor (offline)
test:1187.json,The U.S. ranks 37th in the world for health care.,True,Undetermined,0.0,46.4,Rule-based Health NLP Extractor (offline)
train:6691.json,"Ann Kuster supports the government takeover of healthcare, which robs Medicare of over $700 billion.",False,Undetermined,0.0,44.4,Rule-based Health NLP Extractor (offline)
test:11288.json,Says Donald Trump wants to replace Obamacare with a single-payer system.,True,Undetermined,0.0,30.2,Rule-based Health NLP Extractor (offline)
train:5720.json,"Says at the state level were spending more on tax expenditures than we are on public safety, health care and education combined.",True,Undetermined,0.0,38.0,Rule-based Health NLP Extractor (offline)
train:11222.json,"Rhode Island will become just the second state to mandate the vaccine and the only state to do so by regulatory fiat, without public debate, and without consideration from the elected representatives of the people.",True,Undetermined,0.0,37.1,Rule-based Health NLP Extractor (offline)
train:8357.json,"At the time that (Medicare Part D) was passed (it) was actually less popular than the Affordable Care Act, according to the polls.",True,Undetermined,0.0,31.4,Rule-based Health NLP Extractor (offline)
train:10229.json,"Repeal of Obamacare would take away health care for 10.3 million Americans who have received coverage since Oct. 1, 2013.",True,Undetermined,0.0,43.5,Rule-based Health NLP Extractor (offline)
train:4291.json,"One in four Texans lacks health insurance, the highest proportion in the nation.",True,Undetermined,0.0,34.5,Rule-based Health NLP Extractor (offline)
train:9987.json,On support for the Affordable Care Act (Obamacare).,False,Undetermined,0.0,32.8,Rule-based Health NLP Extractor (offline)
train:7382.json,Says Texas has the nations most uninsured residents.,False,Undetermined,0.0,27.4,Rule-based Health NLP Extractor (offline)
train:5270.json,Congressman Phil Roe hands out $1.3M government check from a federal program that he voted against.,True,Undetermined,0.0,38.3,Rule-based Health NLP Extractor (offline)
valid:3081.json,"Despite the administration telling us (health care reform) was going to reduce health care costs, they now acknowledge its going to dramatically increase health care costs.",False,Undetermined,0.0,40.3,Rule-based Health NLP Extractor (offline)
train:8308.json,The American people support defunding Obamacare and oppose shutting down the government.,False,Undetermined,0.0,35.3,Rule-based Health NLP Extractor (offline)
train:8569.json,"In Jeanne Shaheen, New Hampshire has a Senator who was the deciding vote to pass Obamacare.",False,Undetermined,0.0,28.3,Rule-based Health NLP Extractor (offline)
train:13519.json,Trumps Health Secretary Pick Wants a Medicare Phaseout by Summer 2017.,False,Undetermined,0.0,31.8,Rule-based Health NLP Extractor (offline)
train:7011.json,"Says U.S. Senate opponent Tommy Thompson personally made over $3 million from a federal contract granted to his healthcare company, but left 9/11 first responders without the care they were promised.",False,Undetermined,0.0,35.3,Rule-based Health NLP Extractor (offline)
train:7298.json,People committed involuntarily for 72 hours under the Baker Act will get their guns back automatically and immediately upon discharge....and their commitment is never entered into a background check database.,True,Undetermined,0.0,37.9,Rule-based Health NLP Extractor (offline)
train:11168.json,$700 billion was robbed (from Medicare) to pay for Obamacare.,True,Undetermined,0.0,35.3,Rule-based Health NLP Extractor (offline)
train:12199.json,"A study from the Massachusetts Institute of Technology, Harvard, and Dartmouth concluded that Medicaids value to its beneficiaries is significantly lower than the actual cost of the program.",True,Undetermined,0.0,54.5,Rule-based Health NLP Extractor (offline)
train:4591.json,The people in Massachusetts like (the state health care plan) by about a 3-1 margin.,True,Undetermined,0.0,60.6,Rule-based Health NLP Extractor (offline)
valid:1539.json,"The Democrats' health care bills would end ""the denial of ... coverage to those who have a pre-existing condition,"" while the Republican bill would not.",True,Undetermined,0.0,56.1,Rule-based Health NLP Extractor (offline)
train:11747.json,Our businesses have created jobs every single month since (Obamacare) became law.,True,Undetermined,0.0,33.7,Rule-based Health NLP Extractor (offline)
train:9326.json,"No Republicans voted for recent hikes in the income tax, payroll tax, capital gains tax, dividend tax and estate tax. These taxes were all passed under Obamacare.",False,Undetermined,0.0,29.7,Rule-based Health NLP Extractor (offline)
train:13226.json,Right now we are at 90 percent health insurance covered. Thats the highest weve ever been in our country.,True,Undetermined,0.0,35.6,Rule-based Health NLP Extractor (offline)
train:10569.json,Says President Barack Obama made unilateral changes to Obamacare 38 times.,True,Undetermined,0.0,39.7,Rule-based Health NLP Extractor (offline)
train:1153.json,"If you're over 65 years old in America today, you have no choice but to be in Medicare. Even if you want out of Medicare, you have to forfeit your Social Security to get out of it.",True,Undetermined,0.0,46.0,Rule-based Health NLP Extractor (offline)
train:3119.json,"The federal government may put 16,500 IRS agents in charge of policing President Obamas health care bill.",True,Undetermined,0.0,30.2,Rule-based Health NLP Extractor (offline)
valid:6891.json,Repealing and replacing Obamacare thats going to save $1 trillion over a 10-year period.,False,Undetermined,0.0,38.8,Rule-based Health NLP Extractor (offline)
train:8139.json,Ohioans can expect to pay up to 41 percent more for their insurance premiums when Obamacare takes effect next year.,True,Undetermined,0.0,37.9,Rule-based Health NLP Extractor (offline)
train:6607.json,Federal law adopted under Tommy Thompsons watch prohibits the government from negotiating for better prices on prescription drugs for senior citizens,True,Undetermined,0.0,35.1,Rule-based Health NLP Extractor (offline)
valid:3047.json,Ohio taxpayers spent more than $67 million for the year on food stamps and Medicaid for Wal-Mart workers,True,Undetermined,0.0,31.3,Rule-based Health NLP Extractor (offline)
train:10781.json,We spent twice as much per capita for health care in this country as the next closest nation.,False,Undetermined,0.0,30.5,Rule-based Health NLP Extractor (offline)
train:5469.json,Gingrich supported individual health insurance mandates.,True,Undetermined,0.0,33.7,Rule-based Health NLP Extractor (offline)
train:8411.json,Thirteen hundred applicants in Rhode Island signed up for insurance through Obamacare.,True,Undetermined,0.0,35.8,Rule-based Health NLP Extractor (offline)
train:11644.json,Ted Cruz tried to ban contraception five times.,False,Undetermined,0.0,31.7,Rule-based Health NLP Extractor (offline)
train:2574.json,Taking the Fifth Amendment in a deposition about the Columbia/HCA hospital chain he founded means a truthful answer to the questions that (Rick Scott) was asked would incriminate him.,True,Undetermined,0.0,41.6,Rule-based Health NLP Extractor (offline)
train:5754.json,"The non-partisan Congressional Budget Office concluded ObamaCare will cost the U.S. more than 800,000 jobs.",False,Undetermined,0.0,44.3,Rule-based Health NLP Extractor (offline)
test:10448.json,"Insured Floridians pay about $2,000 for every hospital stay to cover the cost of the uninsured.",True,Undetermined,0.0,31.3,Rule-based Health NLP Extractor (offline)
train:9321.json,"A majority of Americans since Harry Truman days support single-payer health insurance, or full Medicare for all.",False,Undetermined,0.0,34.5,Rule-based Health NLP Extractor (offline)
train:10566.json,More than 1 million Texans live without affordable health care because Rick Perry failed to partner with the Legislature to find a Texas solution to closing the coverage gap.,True,Undetermined,0.0,39.7,Rule-based Health NLP Extractor (offline)
train:11710.json,The Affordable Care Act is making families pay double-digit premium increases.,True,Undetermined,0.0,26.9,Rule-based Health NLP Extractor (offline)
train:1599.json,"The Congressional Budget Office analysis of the health insurance reform legislation says the bill ""cuts the deficit by $1.2 trillion in the second 10 years.""",True,Undetermined,0.0,39.9,Rule-based Health NLP Extractor (offline)
train:11257.json,"Of the 25 wealthiest nations, were the only one that doesnt provide basic health coverage.",True,Undetermined,0.0,26.4,Rule-based Health NLP Extractor (offline)
train:8457.json,The IRS has been specifically forbidden ... from ever actually pursuing either civil or criminal remedies for people who dont purchase health insurance.,True,Undetermined,0.0,45.3,Rule-based Health NLP Extractor (offline)
train:11929.json,Says Hillary Clinton wonhealth care for 8 million children.,True,Undetermined,0.0,39.5,Rule-based Health NLP Extractor (offline)
train:6670.json,"Says under Oregon law, girls from 15 years of age and up are given complete control over whether to be sterilized or not.",False,Undetermined,0.0,29.8,Rule-based Health NLP Extractor (offline)
test:13409.json,"In many instances, (peoples) health care costs are more than their mortgage costs or their rent, which, by the way, is a first in American history.",False,Undetermined,0.0,42.5,Rule-based Health NLP Extractor (offline)
train:9980.json,Health insurance costs for Floridians are up 30 percent or more.,False,Undetermined,0.0,46.5,Rule-based Health NLP Extractor (offline)
train:1278.json,"""Usually it's about $900 a month to get health coverage. (Florida's program has) reduced that, on average, to about $150 a month.""",False,Undetermined,0.0,45.6,Rule-based Health NLP Extractor (offline)
train:3499.json,"Says the Patient Protection and Affordable Care Act adopted last year contains a series of slush funds, set up to stay on the books automatically, with little or no oversight.",False,Undetermined,0.0,37.5,Rule-based Health NLP Extractor (offline)
train:10745.json,The fastest-growing part of the Pentagons budget are health care expenses.,True,Undetermined,0.0,40.9,Rule-based Health NLP Extractor (offline)
train:7042.json,Sheldon Whitehouse voted for a $525-billion tax increase on the middle class.,False,Undetermined,0.0,35.7,Rule-based Health NLP Extractor (offline)
train:8543.json,"In July 2010 the government said small businesses -- 60 percent -- will lose their health care, 45 percent of big business and a large percentage of individual health.",False,Undetermined,0.0,36.7,Rule-based Health NLP Extractor (offline)
train:2200.json,Ive shut down pill mills.,False,Undetermined,0.0,27.5,Rule-based Health NLP Extractor (offline)
train:8431.json,Says 74 percent of small-business people believe that Obamacare is a bad idea.,False,Undetermined,0.0,34.9,Rule-based Health NLP Extractor (offline)
test:4709.json,"In the Patient Protection and Affordable Care Act, it was the Democrats who cut $500 billion from Medicare. And they also put in place the Independent Payment Advisory Board, 15 unelected bureaucrats, which will be making decisions about health care for our seniors and for all Americans.",False,Undetermined,0.0,37.1,Rule-based Health NLP Extractor (offline)
train:3877.json,Says six of the states 58 family planning centers had to close because of Gov. Chris Christies budget cuts.,True,Undetermined,0.0,43.6,Rule-based Health NLP Extractor (offline)
train:2554.json,Harry Reid voted to use taxpayer dollars to pay for Viagra for convicted child molesters and sex offenders.,False,Undetermined,0.0,33.0,Rule-based Health NLP Extractor (offline)
train:4562.json,Say water fluoridation started in Nazi Germany ghettos and death camps to pacify the Jews.,False,Undetermined,0.0,37.2,Rule-based Health NLP Extractor (offline)
train:6733.json,"Says if we do nothing and continue to let Obamacare siphon off that $700 billion dollars off the top of it, Medicare goes away in less than 10 years -- certain accounts of it -- and it just falls apart at the seams.",False,Undetermined,0.0,26.4,Rule-based Health NLP Extractor (offline)
train:11014.json,Texas has the nations highest rate and highest number of uninsured.,True,Undetermined,0.0,38.1,Rule-based Health NLP Extractor (offline)
test:1158.json,"Under the plan, for the first five years your employer not only has to keep the coverage, but you can't migrate to the public plan.",False,Undetermined,0.0,32.0,Rule-based Health NLP Extractor (offline)
test:2099.json,The Department of Health and Human Services is providing $160 million to the state of Pennsylvania to set up a new high-risk insurance pool program that would cover any abortion legal in the state.,False,Undetermined,0.0,148.3,Rule-based Health NLP Extractor (offline)
train:11820.json,"Obamacare is the biggest job-killer in this country -- millions of Americans have lost their jobs, have been forced into part-time work.",False,Undetermined,0.0,44.2,Rule-based Health NLP Extractor (offline)
train:9559.json,"Thanks to #ObamaCare, average E.R. wait in California is 5 hours.",False,Undetermined,0.0,63.2,Rule-based Health NLP Extractor (offline)
train:7030.json,Says Democrats first proposed prohibiting the government from negotiating prices for prescription drugs in Medicare Part D and he had nothing to do with that provision in the law.,False,Undetermined,0.0,33.9,Rule-based Health NLP Extractor (offline)
train:4799.json,On using embryonic stem cells for medical research.,True,Undetermined,0.0,36.6,Rule-based Health NLP Extractor (offline)
train:9628.json,Obamacare already has caused millions of hardworking Virginians to lose their health insurance.,False,Undetermined,0.0,29.9,Rule-based Health NLP Extractor (offline)
train:6854.json,Says 50 million people would lose their health insurance if Obamacare is repealed.,False,Undetermined,0.0,38.0,Rule-based Health NLP Extractor (offline)
train:5215.json,"While Romney was a director of the Damon Corporation, the company was defrauding Medicare of millions.",True,Undetermined,0.0,40.1,Rule-based Health NLP Extractor (offline)
train:9620.json,"Amid the crisis at our southern border, there are reports of illegal migrants carrying deadly diseases such as Ebola virus.",False,Undetermined,0.0,43.9,Rule-based Health NLP Extractor (offline)
train:426.json,"""The Children's Defense Fund rated McCain as the worst senator in Congress for children.""",True,Undetermined,0.0,35.0,Rule-based Health NLP Extractor (offline)
train:6259.json,President Obamas health care law says when you sell your house now you have to pay a 3.8 percent tax.,False,Undetermined,0.0,29.3,Rule-based Health NLP Extractor (offline)
train:1723.json,Everyone in this country has access to health care.,False,Undetermined,0.0,36.2,Rule-based Health NLP Extractor (offline)
test:6006.json,Theres 400 more people working in health care today in New Hampshire than when we passed the budget.,False,Undetermined,0.0,34.0,Rule-based Health NLP Extractor (offline)
train:8695.json,"Federal law for Obamacare navigators does not bar or even require screening for convicted felons, including individuals convicted of identity theft or fraud.",True,Undetermined,0.0,38.4,Rule-based Health NLP Extractor (offline)
train:2968.json,"Says that in his first 17 months as president, the United States doubled its world-leading $500 million a year commitment to fighting global AIDS.",True,Undetermined,0.0,39.4,Rule-based Health NLP Extractor (offline)
train:9874.json,Obamacare cuts seniors Medicare.,False,Undetermined,0.0,30.1,Rule-based Health NLP Extractor (offline)
train:8029.json,Says health insurance premiums will rise under Obamacare.,True,Undetermined,0.0,35.6,Rule-based Health NLP Extractor (offline)
train:4647.json,Romneycare was model for Obamacare.,True,Undetermined,0.0,32.2,Rule-based Health NLP Extractor (offline)
test:11588.json,Drinking champagne could help prevent Alzheimers and other forms of dementia.,False,Undetermined,0.0,24.9,Rule-based Health NLP Extractor (offline)
train:9706.json,This administration is slashing the Navy to pay for more Obamacare.,False,Undetermined,0.0,43.7,Rule-based Health NLP Extractor (offline)
train:1162.json,Every survey shows strong satisfaction with private coverage.,True,Undetermined,0.0,32.3,Rule-based Health NLP Extractor (offline)
train:5313.json,If you sell your house after 2012 you will pay a 3.8 percent sales tax on it.,False,Undetermined,0.0,35.9,Rule-based Health NLP Extractor (offline)
train:3558.json,The benefits that were offered to me as a congressman dont even compare to the benefits that you get as a state employee. I just experienced that myself. Theyre not nearly as good.,True,Undetermined,0.0,36.1,Rule-based Health NLP Extractor (offline)
train:3111.json,Says a Canadian provincial prime minister came to Ohio for his medical treatment because of the delay in Canadian health care which would have endangered his life.,False,Undetermined,0.0,36.3,Rule-based Health NLP Extractor (offline)
valid:3076.json,"Between 2000 and 2006, health insurance company profits quadrupled.",True,Undetermined,0.0,33.6,Rule-based Health NLP Extractor (offline)
train:3748.json,President Obamas health care law represents a government takeover of health care.,False,Undetermined,0.0,29.1,Rule-based Health NLP Extractor (offline)
train:8101.json,Even the employees union for the IRS -- the very people in charge of enforcing this law -- are begging to be let out from under this law.,False,Undetermined,0.0,55.2,Rule-based Health NLP Extractor (offline)
train:8329.json,"With Obamacare, were fixing to get hit with the biggest entitlement program the American taxpayers have ever seen.",False,Undetermined,0.0,33.5,Rule-based Health NLP Extractor (offline)
train:1301.json,"Research shows the employer mandate in the House health reform bill would ""place millions 'at substantial risk of unemployment' with minority workers losing their jobs at twice the rate of their white counterparts.""",True,Undetermined,0.0,44.0,Rule-based Health NLP Extractor (offline)
train:3261.json,The government will go out and buy my breast pump for my babies.,False,Undetermined,0.0,37.3,Rule-based Health NLP Extractor (offline)
valid:3016.json,Rhode Island has the highest percentage of uninsured adults of any state in New England.,True,Undetermined,0.0,39.3,Rule-based Health NLP Extractor (offline)
valid:2326.json,"Says the federal agency in charge of Medicare and Medicaid will disburse $803 billion in benefits this year, making it larger than all but 15 of the worlds economies.",True,Undetermined,0.0,45.1,Rule-based Health NLP Extractor (offline)
train:1171.json,The government is going to have the right to get into your bank account with the health care bill and make transfers without you knowing it.,False,Undetermined,0.0,36.5,Rule-based Health NLP Extractor (offline)
train:9371.json,"41,200 veterans in Florida dont have health care because Scott didnt expand Medicaid.",True,Undetermined,0.0,36.3,Rule-based Health NLP Extractor (offline)
train:3590.json,Medicare passed with virtually no Republican support.,False,Undetermined,0.0,46.9,Rule-based Health NLP Extractor (offline)
train:10095.json,"The CDC is spending money on things like jazzercise, urban gardening and massage therapy that could be redirected to Ebola.",False,Undetermined,0.0,99.9,Rule-based Health NLP Extractor (offline)
valid:6830.json,"Right now, the (Congressional Budget Office) says up to 20 million people will lose their insurance as Obamacare goes into effect next year.",False,Undetermined,0.0,72.9,Rule-based Health NLP Extractor (offline)
valid:7018.json,"Were talking right now about a $12 billion hole in our current, so-called balanced state budget.",True,Undetermined,0.0,63.0,Rule-based Health NLP Extractor (offline)
train:12104.json,"According to the Centers for Disease Control and Prevention (CDC), about 120 Americans on average die from a drug overdose every day. Overall, drug overdose deaths now outnumber deaths from firearms.",True,Undetermined,0.0,58.5,Rule-based Health NLP Extractor (offline)
test:9141.json,If you want out of the individual mandate... all you have to do now is tick off the box that says hardshipand youre out.,False,Undetermined,0.0,46.4,Rule-based Health NLP Extractor (offline)
train:5974.json,"Says under Mitt Romney, Medicare could end as we know it, leaving Julia with nothing but a voucher to buy insurance, which means $6,350 extra per year for a similar plan.",False,Undetermined,0.0,42.3,Rule-based Health NLP Extractor (offline)
train:1152.json,"""If we went back to the obesity rates that existed back in the 1980s, the Medicare system over several years could save as much as a trillion dollars.""",False,Undetermined,0.0,41.7,Rule-based Health NLP Extractor (offline)
train:6959.json,Says the University of Texas can afford to build a medical school because it has a $7 billion endowment and its football program had a $50 million profit last year.,True,Undetermined,0.0,63.3,Rule-based Health NLP Extractor (offline)
valid:10839.json,"In the last 24 months, 10 rural Texas hospitals have been forced to shut their doors because state leaders chose not to expand Medicaid.",False,Undetermined,0.0,30.3,Rule-based Health NLP Extractor (offline)
valid:8921.json,North Carolina Republican Senate candidate Thom Tillis would let insurance companies deny coverage for pre-existing conditions.,True,Undetermined,0.0,39.7,Rule-based Health NLP Extractor (offline)
train:572.json,"""There are many health insurance plans that will cover Viagra but won't cover birth-control medication.""",False,Undetermined,0.0,41.2,Rule-based Health NLP Extractor (offline)
test:6974.json,Says House Democrats voted to use your tax dollars for abortions by voting against bill defunding Planned Parenthood.,False,Undetermined,0.0,32.9,Rule-based Health NLP Extractor (offline)
train:3939.json,"The Medicare drug program resulted in the program coming in 40 percent under budget. ... And the reason it was, is because the design was right.",True,Undetermined,0.0,42.5,Rule-based Health NLP Extractor (offline)
test:13190.json,Says Hillary Clinton and Tim Kaine want to expand (Obamacare) into a single-payer program.,False,Undetermined,0.0,35.3,Rule-based Health NLP Extractor (offline)
train:10205.json,Every new Republican member of the U.S. Senate said they will vote to repeal and replace Obamacare.,True,Undetermined,0.0,49.0,Rule-based Health NLP Extractor (offline)
valid:7132.json,National studies are already showing the negative effects that the health care law is having on businesses and our economy. Businesses across the country are raising their prices (or) cutting jobs as a result of the added cost.,False,Undetermined,0.0,56.2,Rule-based Health NLP Extractor (offline)
valid:978.json,On the propriety of budget reconciliation.,True,Undetermined,0.0,44.6,Rule-based Health NLP Extractor (offline)
train:5647.json,Says new estimates from the Congressional Budget Office conclude the final price-tag for the health care law will exceed $2 trillion more than double what was initially reported.,False,Undetermined,0.0,33.4,Rule-based Health NLP Extractor (offline)
train:2858.json,The health care reform law reduces the deficit by nearly $1.2 trillion over the next two decades.,True,Undetermined,0.0,42.4,Rule-based Health NLP Extractor (offline)
valid:3153.json,Says there are a half a trillion dollars in cuts to Medicare that are going to go in place as a result of health care reform.,False,Undetermined,0.0,50.7,Rule-based Health NLP Extractor (offline)
train:3605.json,The costs of cancer and all affiliated issues are over $20 billion a year to this state.,True,Undetermined,0.0,42.2,Rule-based Health NLP Extractor (offline)
train:6233.json,Says he never supported federal health care individual mandate.,False,Undetermined,0.0,81.6,Rule-based Health NLP Extractor (offline)
test:1739.json,Says the American public overwhelmingly opposed Democratic-steered health care plan.,True,Undetermined,0.0,73.7,Rule-based Health NLP Extractor (offline)
test:12336.json,ColoradoCare would have higher revenues than McDonalds.,True,Undetermined,0.0,40.4,Rule-based Health NLP Extractor (offline)
train:5341.json,"Says Milwaukee blacks have 55 percent male unemployment, 60 percent truancy, a 50 percent graduation rate, the worst reading scores and lead in infant mortality.",True,Undetermined,0.0,39.1,Rule-based Health NLP Extractor (offline)
train:11012.json,"By one leading measure, what business owners pay out in wages and salaries is now finally growing faster than what they spend on health insurance for the first time in 17 years.",True,Undetermined,0.0,43.3,Rule-based Health NLP Extractor (offline)
train:11300.json,#GradInsurance debacle is a DIRECT result of #ObamaCare. #MIZZOU has to break the law to do the right thing.,True,Undetermined,0.0,57.5,Rule-based Health NLP Extractor (offline)
train:8872.json,"According to (Barack) Obamas newest unconstitutionally enacted law, health care professionals are now required to violate HIPAA privacy laws and submit medical data to the government, which is then used as justification for gun confiscation.",False,Undetermined,0.0,34.0,Rule-based Health NLP Extractor (offline)
train:3205.json,"When the Milwaukee County mental health facility is full, cops sit out there in their squad cars with a mentally ill patient and sometimes spend an entire shift out there doing that.",False,Undetermined,0.0,36.2,Rule-based Health NLP Extractor (offline)
train:5628.json,"Says that while President Barack Obama promised to work with your employer to lower your premiums by $2,500 per family per year, his health care law raises premiums in the individual market by $2,100 per family.",False,Undetermined,0.0,45.5,Rule-based Health NLP Extractor (offline)
train:824.json,"If parents ""don't have health insurance that Senator Obama wants them to have (for their children), they will be fined.""",True,Undetermined,0.0,41.3,Rule-based Health NLP Extractor (offline)
train:3168.json,Illegal aliens cost the state of Rhode Island $400 million a year.,False,Undetermined,0.0,32.0,Rule-based Health NLP Extractor (offline)
train:6903.json,Says Paul Ryans budget plan ends Medicare.,False,Undetermined,0.0,46.0,Rule-based Health NLP Extractor (offline)
valid:10228.json,4.7 million people have lost their insurance in 32 states due to Obamacare.,False,Undetermined,0.0,40.3,Rule-based Health NLP Extractor (offline)
train:10875.json,"Says Sen. Rand Paul, R-Ky., has stated that supporting the right to health care ... means you believe in slavery.",True,Undetermined,0.0,38.5,Rule-based Health NLP Extractor (offline)
train:7759.json,U.S. Rep. John Barrow of Georgia has helped support the implementation of Obamacare.,False,Undetermined,0.0,36.2,Rule-based Health NLP Extractor (offline)
train:1113.json,"The Congressional Budget Office most recently came out and analyzed the current (health care) plan and said that it was not only deficit-neutral, but also that over 10 years it would create a $6 billion surplus.",False,Undetermined,0.0,68.1,Rule-based Health NLP Extractor (offline)
train:354.json,"Hillary Clinton ""has the only health care plan that covers every American.""",True,Undetermined,0.0,59.3,Rule-based Health NLP Extractor (offline)
test:8567.json,"Says Thomas Jefferson said, You might be able to fool the people for awhile, and they may go astray, but sooner or later the American people are going to wake up and they will correct the course.",True,Undetermined,0.0,163.3,Rule-based Health NLP Extractor (offline)
train:9356.json,Obamacare is one big fat VA system.,False,Undetermined,0.0,71.5,Rule-based Health NLP Extractor (offline)
train:1151.json,Any government-run 'public' plan ... creates an entitlement that will cost another $1 trillion over the next 10 years.,True,Undetermined,0.0,107.2,Rule-based Health NLP Extractor (offline)
train:6178.json,"Obamacare means that for up to 20 million Americans, they will lose the insurance they currently have, the insurance that they like and they want to keep.",False,Undetermined,0.0,132.1,Rule-based Health NLP Extractor (offline)
train:1985.json,"He ""stood up to Barack Obama by passing legislation that prevents you from being forced to join government health plans or buy health insurance against your will.""",True,Undetermined,0.0,72.6,Rule-based Health NLP Extractor (offline)
train:3853.json,We had (a bill) in Florida where we now are prohibiting doctors to talk -- particularly pediatricians -- to talk to their patients about gun safety in the home.,False,Undetermined,0.0,68.0,Rule-based Health NLP Extractor (offline)
train:5370.json,Obamacare (hit) Americans with over $500 billion in new taxes.,True,Undetermined,0.0,78.1,Rule-based Health NLP Extractor (offline)
train:1183.json,Nothing in any of the Democrat bills would require individuals to verify their citizenship or identity prior to receiving taxpayer-subsidized benefits.,True,Undetermined,0.0,143.5,Rule-based Health NLP Extractor (offline)
train:1606.json,"""Hospitals, doctors, MRIs, surgeries and so forth are more extensively used and far more expensive in this country than they are in many other countries.''",True,Undetermined,0.0,84.2,Rule-based Health NLP Extractor (offline)
train:9097.json,Americans increasingly want (the Affordable Care Act) to be repealed.,False,Undetermined,0.0,47.7,Rule-based Health NLP Extractor (offline)
valid:193.json,"Obama says his health care plan is ""universal.""",False,Undetermined,0.0,43.3,Rule-based Health NLP Extractor (offline)
train:3534.json,"For the first time in U.S. history, a personal inaction will be deemed unlawful -- not purchasing a health-insurance plan",False,Undetermined,0.0,55.7,Rule-based Health NLP Extractor (offline)
train:8495.json,"Due to Obamacare, Arkansas has covered almost 14 percent of its uninsured already.",True,Undetermined,0.0,46.7,Rule-based Health NLP Extractor (offline)
train:5957.json,Millions could lose their health care coverage and be forced into a government pool under the new health care law.,False,Undetermined,0.0,45.2,Rule-based Health NLP Extractor (offline)
test:3436.json,"Says his bill, HB 97, would prevent the use of taxpayer dollars on abortions.",False,Undetermined,0.0,43.6,Rule-based Health NLP Extractor (offline)
train:1785.json,"Sen. Robert Bennett, R-Utah, cast votes for TARP, the stimulus, and an individual mandate for health care.",False,Undetermined,0.0,41.4,Rule-based Health NLP Extractor (offline)
train:1630.json,"""The American people will be appalled to learn the health care bill exempts (congressional) leadership and committee staff.""",True,Undetermined,0.0,40.7,Rule-based Health NLP Extractor (offline)
test:7876.json,"Says At age 76 when you most need it, you are not eligible for cancer treatment under Affordable Care Act.",False,Undetermined,0.0,45.9,Rule-based Health NLP Extractor (offline)
train:1552.json,On reconciliation,False,Undetermined,0.0,30.1,Rule-based Health NLP Extractor (offline)
valid:9210.json,Pregnant women who stand for five to six hours at a time increase their risk of pre-term pregnancy by 80 percent.,False,Undetermined,0.0,47.3,Rule-based Health NLP Extractor (offline)
train:3080.json,We had a debate on whether ObamaCare was the way to go to fix up health care and the American voters said no -- emphatically.,False,Undetermined,0.0,42.9,Rule-based Health NLP Extractor (offline)
train:3848.json,No one thought we could get a bipartisan bill (Medicaid) passed. We did in the Florida Senate.,False,Undetermined,0.0,45.9,Rule-based Health NLP Extractor (offline)
train:6578.json,Says the national health care law puts federal bureaucrats between an American citizen and her doctor.,False,Undetermined,0.0,51.9,Rule-based Health NLP Extractor (offline)
test:6720.json,U.S. House opponent Paul Ryan supports cutting funding for veterans by 24 percent.,False,Undetermined,0.0,38.0,Rule-based Health NLP Extractor (offline)
train:1149.json,We spend twice as much per capita on health care as any other nation on Earth.,False,Undetermined,0.0,47.8,Rule-based Health NLP Extractor (offline)
valid:1615.json,Florida's cost for the Medicaid expansion will be $1.6 billion a year or more.,True,Undetermined,0.0,42.6,Rule-based Health NLP Extractor (offline)
train:10019.json,"Hospitals have already begun layoffs, a direct result of Republican inaction on Medicaid expansion.",True,Undetermined,0.0,44.7,Rule-based Health NLP Extractor (offline)
train:765.json,"Barack Obama's health care plan is ""to mandate health care coverage and have a universal government-run program.""",False,Undetermined,0.0,40.7,Rule-based Health NLP Extractor (offline)
train:5020.json,Says America spends over 17 percent of its GDP on health care costs when our closest competitor nations are spending about 12.,True,Undetermined,0.0,46.2,Rule-based Health NLP Extractor (offline)
valid:11414.json,60 percent of all Americans do not want to see Planned Parenthood defunded.,True,Undetermined,0.0,38.3,Rule-based Health NLP Extractor (offline)
train:9347.json,"Canadian middle class incomes are now higher than in the United States. They are working fewer hours for more pay, living longer on average, and facing less income inequality.",True,Undetermined,0.0,50.9,Rule-based Health NLP Extractor (offline)
test:1150.json,"If you don't count illegal aliens, people who qualify for other insurance, and people who make more than $75,000 a year, it leaves about 15 million people who are uninsured.",True,Undetermined,0.0,48.3,Rule-based Health NLP Extractor (offline)
test:1448.json,"Health care reform ""would bring down the deficit by as much as $1 trillion over the next two decades.""",True,Undetermined,0.0,40.5,Rule-based Health NLP Extractor (offline)
train:9177.json,Says Mark Udall decided Obamacare. ... He passed Obamacare with his vote.,False,Undetermined,0.0,43.7,Rule-based Health NLP Extractor (offline)
train:475.json,"""More people without health care since George Bush took office; more children in poverty since George Bush took office.""",True,Undetermined,0.0,39.0,Rule-based Health NLP Extractor (offline)
train:6174.json,Says there are $500 billion in Medicare cuts required to pay for this flawed [health care law].,False,Undetermined,0.0,43.2,Rule-based Health NLP Extractor (offline)
train:13348.json,Its four or five states where the number of insurance options have narrowed under the Affordable Care Act.,False,Undetermined,0.0,40.6,Rule-based Health NLP Extractor (offline)
train:9165.json,Says Charlie Crist supports cuts to the Medicare Advantage program.,False,Undetermined,0.0,43.2,Rule-based Health NLP Extractor (offline)
valid:8638.json,"For the cost of $5 vanilla soy latte a day, you can get a sweet health insurance plan to match.",True,Undetermined,0.0,44.7,Rule-based Health NLP Extractor (offline)
train:1680.json,"""Florida Statutes require (Attorney General Bill) McCollum to consult with members of Florida's Congressional delegation"" before filing a lawsuit against the health care reform law.",True,Undetermined,0.0,50.3,Rule-based Health NLP Extractor (offline)
train:4692.json,"Medicare monthly premiums will go up to $104.20 in 2012 and $247.00 in 2014 due to provisions incorporated in the Obamacare legislation, purposely delayed so as not to confuse the 2012 re-election campaigns.",False,Undetermined,0.0,59.7,Rule-based Health NLP Extractor (offline)
train:6256.json,Funding the federal health care law without a tax hike will require the state to cut nearly a quarter of its annual budget.,False,Undetermined,0.0,49.3,Rule-based Health NLP Extractor (offline)
train:13508.json,Obamacare was invented by liberal academic theorists.,False,Undetermined,0.0,54.2,Rule-based Health NLP Extractor (offline)
train:8485.json,The insurance industry is actually run by mostly Democrats.,False,Undetermined,0.0,43.5,Rule-based Health NLP Extractor (offline)
train:5589.json,"Every 1 percent increase in the cost of health insurance today causes about 30,000 Georgians to be uninsured.",False,Undetermined,0.0,46.3,Rule-based Health NLP Extractor (offline)
train:3922.json,"The average person will pay $6,000 more a year under Rep. Paul Ryans Medicare proposal.",True,Undetermined,0.0,41.4,Rule-based Health NLP Extractor (offline)
valid:7714.json,Says new Medicare billing guidelines have nine codes for (injuries by) turkeys.,True,Undetermined,0.0,37.6,Rule-based Health NLP Extractor (offline)
test:9109.json,Health insurance and medical costs are going down because of Obamacare.,False,Undetermined,0.0,32.8,Rule-based Health NLP Extractor (offline)
train:8672.json,"Floridas proposed medical marijuana amendment would make Florida one of the most lenient medical-marijuana states, allowing use for limitless other conditions specified by any physician.",True,Undetermined,0.0,38.9,Rule-based Health NLP Extractor (offline)
train:9335.json,Idaho was the only Republican-led state in the nation that chose to partner with President Obama by creating a state-based marketplace under the Affordable Care Act.,False,Undetermined,0.0,33.5,Rule-based Health NLP Extractor (offline)
train:1568.json,"In the Senate version of the health reform bill, ""Every enrollee in the Office of Personnel Management enrolled plan, every enrollee has to pay a minimum of $1 per month towards reproductive rights, which includes abortion.""",False,Undetermined,0.0,36.1,Rule-based Health NLP Extractor (offline)
train:1613.json,"Florida's legal challenge of the federal health care bill is ""bipartisan.""",False,Undetermined,0.0,29.7,Rule-based Health NLP Extractor (offline)
train:3033.json,New provisions of the health care law bar the use offlexible spending accounts and health savings accounts to pay for aspirin and other non-prescription health needs.,True,Undetermined,0.0,36.6,Rule-based Health NLP Extractor (offline)
train:10460.json,It used to be that the only children at school who werent vaccinated were those who had true medical conditions. Now there are 19 states that allow personal belief exemptions.,True,Undetermined,0.0,31.5,Rule-based Health NLP Extractor (offline)
train:6180.json,"If youre one of the more than 250 million Americans who already have health insurance, you will keep your health insurance.",True,Undetermined,0.0,31.4,Rule-based Health NLP Extractor (offline)
train:3149.json,Gov. Scott Walker and the Republican-controlled state legislature have added over $140 million in new special interest spending,False,Undetermined,0.0,40.5,Rule-based Health NLP Extractor (offline)
train:9511.json,U.S. Senate candidate Michelle Nunn has avoided taking a stand on Obamacare.,True,Undetermined,0.0,26.3,Rule-based Health NLP Extractor (offline)
train:4722.json,Because of Barack Obama 32 million new people will have healthcare.,True,Undetermined,0.0,40.2,Rule-based Health NLP Extractor (offline)
train:5377.json,"Says the federal government could save $175,587 by eliminating a study of the connection between cocaine and risky sex habits of the Japanese quail.",True,Undetermined,0.0,39.7,Rule-based Health NLP Extractor (offline)
test:8062.json,"Says last year 13 million (health insurance) rebates went out, in all 50 states. Another 8.5 (million) rebates are being sent out this summer, averaging around 100 bucks each.",True,Undetermined,0.0,27.1,Rule-based Health NLP Extractor (offline)
train:209.json,"Barack Obama's health care plan ""would leave 15-million Americans out.""",True,Undetermined,0.0,39.8,Rule-based Health NLP Extractor (offline)
train:10397.json,Obamacare has caused millions of full-time jobs to become part-time.,True,Undetermined,0.0,33.5,Rule-based Health NLP Extractor (offline)
train:12182.json,The rate of uninsured Americans (is) 8.8 percent.,True,Undetermined,0.0,26.1,Rule-based Health NLP Extractor (offline)
train:6382.json,"In 2010, Betty Sutton voted to destroy Medicare.",False,Undetermined,0.0,31.1,Rule-based Health NLP Extractor (offline)
train:1136.json,The health care reform plan being proposed in Congress would mean big tax increases.,True,Undetermined,0.0,36.3,Rule-based Health NLP Extractor (offline)
train:2704.json,Michael Bennet cast the deciding vote for the stimulus and the health care bill.,False,Undetermined,0.0,24.5,Rule-based Health NLP Extractor (offline)
train:1582.json,"Bill White ... supports the ObamaCare socialized medicine plan, as well as Cap and Trade legislation that would kill thousands of Texas jobs.",False,Undetermined,0.0,30.6,Rule-based Health NLP Extractor (offline)
